{"id": 0, "sentence_nb": 0, "input_str": "[BEGIN] ES News Email Enter your email address Please enter an email address Email address is invalid Fill out this field Email address is invalid You already have an account. Please log in or register with your social account\n\nThis footage", "correct_token_is_a": false, "logp_a": [-0.4024193584918976, -0.5793070793151855, -1.0197057723999023], "logp_the": [-1.104731798171997, -0.821631908416748, -0.44738298654556274]}