{"id": 0, "sentence_nb": 0, "input_str": " Early concept art for Geomon in 2011\n\nLocation-based Pok\u00e9mon \u2014 An \u201cInsider\u2019s\u201d View\n\nIvan Lee Blocked Unblock Follow Following Jul 14, 2016\n\n\u201cAre you familiar with Pok\u00e9mon? It\u2019s", "correct_token_is_a": true, "logp_a": [-1.5064748525619507, -1.1813623905181885, -1.3080153465270996, -0.0045522545, -0.07410399, -0.15076312], "logp_the": [-2.9145455360412598, -2.5196802616119385, -2.823434352874756, -12.799849, -6.5168915, -6.933222]}