{"id": 118, "sentence_nb": 10, "input_str": "[BEGIN] Texas Gov. Greg Abbott has not backed down from his vow to eradicate sanctuary city policies", "correct_token_is_a": false, "logp_a": [-2.5224876403808594, -3.6544735431671143, -6.061058044433594], "logp_the": [-0.0836639553308487, -0.026215795427560806, -0.0023346091620624065]}