{"id": 131, "sentence_nb": 11, "input_str": "[BEGIN] 0 Army vet with incredible aim saves eagle by shooting it out of tree\n\nRUSH CITY, Minn. - A U.S. Army veteran is being", "correct_token_is_a": true, "logp_a": [-0.27416571974754333, -1749620.125, -488228.46875], "logp_the": [-1.4279752969741821, -1749622.375, -488232.5625]}