{"id": 163, "sentence_nb": 15, "input_str": " Economics affects all parts of our daily lives. So, if you want to be an informed citizen you have to know at least some of the most basic economic concepts. This will help you understand how", "correct_token_is_a": false, "logp_a": [-3.800429582595825, -4.105432033538818, -4.4596452713012695, -10.269209, -7.883514, -9.969596], "logp_the": [-2.886451005935669, -2.3258986473083496, -1.5173771381378174, -0.6770748, -0.61301446, -0.41496283]}