{"id": 1091, "sentence_nb": 98, "input_str": " A vast, peat-filled wetland has been discovered in the Congo Basin, spanning an area larger than England, and trapping an estimated 30.6 billion tonnes of carbon dioxide in its soil.\n\nThought to be", "correct_token_is_a": false, "logp_a": [-2.4453728199005127, -3.247225761413574, -3.6147470474243164, -4.8018303, -2.93224, -5.5461273], "logp_the": [-2.1810991764068604, -0.758036732673645, -0.3665362000465393, -3.5335078, -0.77723825, -0.1927816]}