{"id": 1084, "sentence_nb": 97, "input_str": " AT TUWANI, West Bank \u2013 \u201cI couldn\u2019t run. My pregnancy was too far advanced, and there was nowhere to hide,\u201d said Amna Salman Rabaye, 31, as she recalled the terrifying incident several months ago.\n\nRabaye from the Palestinian Bedouin village of At Tuwani in", "correct_token_is_a": false, "logp_a": [-4.751164436340332, -6.018198490142822, -6.553369998931885, -18.004536, -13.761379, -12.14359], "logp_the": [-1.4339053630828857, -0.772528350353241, -0.3247057795524597, -0.0013016127, -0.010261935, -0.0033057914]}