{"id": 1010, "sentence_nb": 89, "input_str": " The G-1 League finals in China has been amazing to watch. The world champions iG were", "correct_token_is_a": false, "logp_a": [-1.5184779167175293, -1.2133533954620361, -1.5612226724624634], "logp_the": [-0.24723772704601288, -0.352681428194046, -0.2355695515871048]}