{"id": 150, "sentence_nb": 13, "input_str": " Veronica Mars Movie Photos Tease Drinks & LoVe, Jerry O'Connell, Gaby Hoffman And More By Kelly West Random Article Blend The case? We'll find out in a matter of weeks when the movie hits theaters and Video on Demand!\n\n\n\nFollowing", "correct_token_is_a": false, "logp_a": [-2.429781436920166, -1.5922123193740845, -1.2863129377365112], "logp_the": [-0.09217680990695953, -0.22749674320220947, -0.32336124777793884]}