{"id": 1057, "sentence_nb": 93, "input_str": " Born in 1906 in Wisconsin, Ed Gein grew up in a repressive household dominated by a controlling mother. Following her death in 1945, his mental health disintegrated. After Gein was apprehended as a suspect in", "correct_token_is_a": true, "logp_a": [-1.2938792705535889, -1.0757389068603516, -1.5130988359451294], "logp_the": [-0.3204876780509949, -0.4171009659767151, -0.24875174462795258]}