{"id": 1012, "sentence_nb": 89, "input_str": " The G-1 League finals in China has been amazing to watch. The world champions iG were the first team to be eliminated, Alliance finished with a perfect 6-0 record and", "correct_token_is_a": true, "logp_a": [-0.3989064395427704, -1.6457178592681885, -2.1106300354003906], "logp_the": [-1.1118600368499756, -0.21427561342716217, -0.1291542798280716]}