{"id": 116, "sentence_nb": 11, "input_str": " Frenchman Jules Cluzel has won the WorldSSP Race at Chang International Circuit, holding off Puccetti rider Kenan Sofuoglu and Honda\u2019s PJ Jacobsen. The MV Agusta rider scores his 11th career victory and his first since being sidelined through injury in the latter half of 2015, with", "correct_token_is_a": false, "logp_a": [-1.7648004293441772, -2.196235179901123, -2.890568733215332, -6.694766, -3.114507, -5.007212], "logp_the": [-1.7975858449935913, -1.6925503015518188, -1.1462640762329102, -4.1608872, -1.5912182, -2.777617]}