{"id": 190, "sentence_nb": 16, "input_str": " Wednesday, Oct 28, 2015 10:59 PM UTC\n\nAbout a year ago I was asked to teach a class about the evolution of the representation of sex throughout American Cinema. I started with", "correct_token_is_a": false, "logp_a": [-0.5960063338279724, -0.5646748542785645, -0.4156874120235443], "logp_the": [-0.8007497191429138, -0.8405919075012207, -1.078475832939148]}