{"id": 163, "sentence_nb": 14, "input_str": "[BEGIN] Old dogs. There is something to love about an old dog who asks nothing from you other than to be a part of your life. Scout is a part of my life. He\u2019s about 14 years old, and I\u2019ve had him since he was a pup. In fact, one of his first duties was to ride shotgun with me while I tinted windows", "correct_token_is_a": false, "logp_a": [-1.107869267463684, -1.6856040954589844, -1.537319540977478], "logp_the": [-0.4008685052394867, -0.2049751877784729, -0.24201618134975433]}