{"id": 1034, "sentence_nb": 91, "input_str": " A marketopia populated by the rabid people, surnamed after the companies they work for. An inane world-for-profit. Tongue-in-the-cheek market worshipping leading to perception of capital and enterprise as", "correct_token_is_a": false, "logp_a": [-0.19540145993232727, -0.34657222032546997, -0.459505170583725], "logp_the": [-1.7288095951080322, -1.2279503345489502, -0.9985753297805786]}