{"id": 1071, "sentence_nb": 96, "input_str": " Are the Chicago Bears cooked sans Jay Cutler? Can the Green Bay Packers deal with a plethora of injuries? Will Matthew Stafford and", "correct_token_is_a": false, "logp_a": [-4.529353141784668, -5.274445533752441, -6.803919792175293, -12.436894, -8.240382, -12.066156], "logp_the": [-2.363060712814331, -1.3981409072875977, -0.6638862490653992, -0.12062845, -0.97874314, -0.044341438]}