{"id": 106, "sentence_nb": 9, "input_str": "[BEGIN] I think one should still be a Leninist, at least in the very precise sense that we cannot really look", "correct_token_is_a": false, "logp_a": [-1.4529590606689453, -1.698788046836853, -1.8148066997528076], "logp_the": [-0.26641279458999634, -0.2019999772310257, -0.17777517437934875]}