{"id": 1059, "sentence_nb": 93, "input_str": " Born in 1906 in Wisconsin, Ed Gein grew up in a repressive household dominated by a controlling mother. Following her death in 1945, his mental health disintegrated. After Gein was apprehended as a suspect in a 1957 murder, the investigation of his home yielded", "correct_token_is_a": true, "logp_a": [-0.2707151770591736, -0.24682363867759705, -0.5224927067756653], "logp_the": [-1.4389939308166504, -1.5199559926986694, -0.899041473865509]}