{"id": 176, "sentence_nb": 16, "input_str": " The High Court has told British intelligence services to hand over relevant files to lawyers representing Binyam Mohamed, an Ethiopian and one-time UK resident, facing", "correct_token_is_a": true, "logp_a": [-2.391122579574585, -2.268551826477051, -3.982381820678711, -7.3184943, -4.0108037, -4.1292005], "logp_the": [-2.5792949199676514, -3.7071733474731445, -4.951269149780273, -11.2735815, -6.60713, -6.3503194]}