{"id": 178, "sentence_nb": 16, "input_str": " The High Court has told British intelligence services to hand over relevant files to lawyers representing Binyam Mohamed, an Ethiopian and one-time UK resident, facing a US military tribunal at Guant\u00e1namo Bay. Mohamed is accused of plotting to trigger a radioactive \"dirty bomb\" on US soil, and could face", "correct_token_is_a": false, "logp_a": [-0.8267163038253784, -1.863266110420227, -2.754427433013916, -7.271851, -2.09819, -2.3537436], "logp_the": [-2.9132814407348633, -2.89215087890625, -0.983080267906189, -5.7251143, -0.83164287, -0.6171293]}