{"id": 1115, "sentence_nb": 97, "input_str": "[BEGIN] \u201cSomebody told me at the beginning of the campaign that this isn't a sprint, it's a marathon,\u201d he said. \u201cI'm not sure if you're aware, but this", "correct_token_is_a": false, "logp_a": [-0.10751087963581085, -0.4130862057209015, -0.3381292223930359], "logp_the": [-2.2834370136260986, -1.0835421085357666, -1.2486326694488525]}