{"id": 1003, "sentence_nb": 90, "input_str": " By charting new pathways in the brain, mindfulness can change", "correct_token_is_a": false, "logp_a": [-3.534895896911621, -4.268301010131836, -4.255536079406738, -10.545215, -5.5484633, -5.279398], "logp_the": [-2.0131616592407227, -1.275991439819336, -1.4643523693084717, -1.596249, -0.890795, -0.8714992]}