{"id": 177, "sentence_nb": 15, "input_str": " Last week, the Kalamazoo Nature Center released 18 rare butterfly caterpillars. The Mitchell\u2019s Satyr butterfly is a nationally endangered species. There are only 11 groups of the butterfly left in", "correct_token_is_a": false, "logp_a": [-2.4518566131591797, -4.877836227416992, -6.114095687866211], "logp_the": [-0.09007079899311066, -0.007642554119229317, -0.002213886706158519]}