{"id": 1101, "sentence_nb": 99, "input_str": " The meteors of the Lyrid meteor appear to originate on", "correct_token_is_a": false, "logp_a": [-2.731717586517334, -2.093991279602051, -1.815542221069336, -7.069019, -3.6306536, -2.5818305], "logp_the": [-1.0483908653259277, -1.1693772077560425, -0.8021450638771057, -0.25171328, -0.15672678, -0.27069414]}