{"id": 1073, "sentence_nb": 96, "input_str": " Are the Chicago Bears cooked sans Jay Cutler? Can the Green Bay Packers deal with a plethora of injuries? Will Matthew Stafford and the Detroit Lions take advantage of their opportunities? Can the Minnesota Vikings complete", "correct_token_is_a": true, "logp_a": [-2.0477821826934814, -0.9841071963310242, -1.2655972242355347, -5.4318476, -0.93536276, -0.77639955], "logp_the": [-1.6669151782989502, -1.7877724170684814, -1.8033045530319214, -0.03697192, -0.7980776, -1.2530499]}