{"id": 1071, "sentence_nb": 94, "input_str": "[BEGIN] When it comes to politics, in 2015 we witnessed nothing less than a paradigm shift. The old rules are", "correct_token_is_a": false, "logp_a": [-0.9575785994529724, -3.590094566345215, -6.731089115142822], "logp_the": [-0.4842180609703064, -0.02798362448811531, -0.0011940023396164179]}