{"id": 119, "sentence_nb": 11, "input_str": " Frenchman Jules Cluzel has won the WorldSSP Race at Chang International Circuit, holding off Puccetti rider Kenan Sofuoglu and Honda\u2019s PJ Jacobsen. The MV Agusta rider scores his 11th career victory and his first since being sidelined through injury in the latter half of 2015, with the battle a four-way fight between the MV Agusta rider, Jacobsen, Sofuoglu and Krummenacher.\n\nIt was PJ Jacobsen from Honda World Supersport Team who took", "correct_token_is_a": false, "logp_a": [-2.761789321899414, -3.2861735820770264, -3.2394142150878906, -11.695146, -6.8587546, -4.2410746], "logp_the": [-1.456325650215149, -0.7202097773551941, -0.5606880187988281, -0.006762114, -0.13588484, -0.16394715]}