{"id": 151, "sentence_nb": 14, "input_str": " FOXBOROUGH, Mass. -- One of the biggest questions following the New England Patriots' trade of starting left guard Logan Mankins to", "correct_token_is_a": false, "logp_a": [-3.980621099472046, -6.051705360412598, -7.14055871963501, -18.894318, -12.043521, -14.551698], "logp_the": [-2.9853432178497314, -0.23941141366958618, -0.1310752034187317, -3.249586e-05, -0.046994615, -0.122528546]}