{"id": 1097, "sentence_nb": 96, "input_str": "[BEGIN] What cryptocurrency designers need to know about voting\n\nJameson Quinn Blocked Unblock Follow Following Sep 3, 2017\n\nSo you want to", "correct_token_is_a": true, "logp_a": [-0.11137547343969345, -0.02189791016280651, -0.02213137224316597], "logp_the": [-2.250018835067749, -3.832292079925537, -3.8218064308166504]}