{"id": 131, "sentence_nb": 12, "input_str": " Imagine that you have a peculiar job in a peculiar factory: Your task is to take objects from", "correct_token_is_a": true, "logp_a": [-2.4876034259796143, -1.1524090766906738, -1.6126772165298462, -11.711164, -4.6588297, -3.886184], "logp_the": [-1.363410234451294, -1.6994290351867676, -1.5266977548599243, -0.0006353595, -2.1130216, -3.1940436]}