{"id": 1103, "sentence_nb": 99, "input_str": " The meteors of the Lyrid meteor appear to originate on the border between Lyra and Hercules.\n\nEditor's note: for our complete coverage of the 2012 Lyrid meteor shower, visit here: Lyrid Meteor Shower of 2012: A Skywatching Resource\n\nThe annual Lyrid meteor shower will hit its peak this weekend and promises to put on an eye-catching display. So much so, NASA is pulling out all", "correct_token_is_a": false, "logp_a": [-5.162278175354004, -7.575222492218018, -9.024321556091309, -25.939075, -19.219355, -20.292826], "logp_the": [-1.037130355834961, -0.32170921564102173, -0.06289605051279068, -7.8540467e-07, -0.0009945313, -0.003048258]}