{"id": 1016, "sentence_nb": 91, "input_str": " Priority One Podcast 259 | Pro Skills and G-Waves\n\nGreetings, Captains! You\u2019re listening to EPISODE 259 OF PRIORITY ONE PODCAST, your weekly report on all things Star Trek! This episode was recorded LIVE on Thursday, February 18th, 2016 and made available for download or streaming on Monday, February 22nd, 2016 at PriorityOnePodcast.com!\n\nIn Trek it Out this week, we\u2019re talking about time travel, isolinear chips, and", "correct_token_is_a": true, "logp_a": [-4.408091068267822, -3.8338112831115723, -3.4362409114837646, -6.8799524, -3.170223, -7.3712873], "logp_the": [-4.127608299255371, -1.9701789617538452, -2.246795415878296, -0.13781656, -1.4084684, -2.1516526]}