{"id": 189, "sentence_nb": 16, "input_str": "[BEGIN] Wednesday, Oct 28, 2015 10:59 PM UTC\n\nAbout a year ago I was asked to teach a class about the evolution", "correct_token_is_a": false, "logp_a": [-1.6481393575668335, -1.7649877071380615, -2.014540195465088], "logp_the": [-0.21369776129722595, -0.18776297569274902, -0.14315661787986755]}