{"id": 17, "sentence_nb": 1, "input_str": " Though we come to know Bayern for the superstars they possess, the German champions also have", "correct_token_is_a": true, "logp_a": [-0.3630243241786957, -0.18512345850467682, -0.19354531168937683], "logp_the": [-1.1893125772476196, -1.7778663635253906, -1.7374563217163086]}