{"id": 1011, "sentence_nb": 89, "input_str": "[BEGIN] The G-1 League finals in China has been amazing to watch. The world champions iG were the first team to be eliminated, Alliance finished", "correct_token_is_a": true, "logp_a": [-0.5119835734367371, -0.23271086812019348, -0.1762712448835373], "logp_the": [-0.9145562052726746, -1.5720586776733398, -1.8225724697113037]}