{"id": 1113, "sentence_nb": 97, "input_str": " \u201cSomebody told me at the beginning of the campaign that this isn't", "correct_token_is_a": true, "logp_a": [-0.6644340753555298, -0.4780128002166748, -0.3966735899448395], "logp_the": [-0.7227092981338501, -0.9676215648651123, -1.116430640220642]}