{"id": 144, "sentence_nb": 13, "input_str": " Rousey fights Miesha Tate for Strikeforce belt, but Kaufman should be next\n\nI don\u2019t want to take anything away from \u201cRowdy\u201d Ronda Rousey. I think she\u2019s a fantastic judoka, an excellent mixed martial artist, and a hell of a personality for women\u2019s MMA.\n\nAll that said, I don\u2019t think she deserves the title shot against Miesha Tate. At least not quite yet.\n\nHere\u2019s", "correct_token_is_a": false, "logp_a": [-1.3869951963424683, -1.8948006629943848, -2.8839845657348633, -17.386003, -8.015416, -8.867072], "logp_the": [-1.2989100217819214, -1.8867363929748535, -2.1319093704223633, -12.762441, -7.04585, -8.426108]}