{"id": 1002, "sentence_nb": 88, "input_str": "[BEGIN] Love and death are a strange combination. Hananuma Masakichi was a Japanese artist who learned he was dying from tuberculosis. He wanted to", "correct_token_is_a": true, "logp_a": [-1.7585597038269043, -0.9011468887329102, -1.1412073373794556], "logp_the": [-0.18909591436386108, -0.5210504531860352, -0.38482919335365295]}