{"id": 16, "sentence_nb": 1, "input_str": "[BEGIN] Though we come to know Bayern for the superstars they possess", "correct_token_is_a": false, "logp_a": [-2.006800889968872, -2.6915290355682373, -3.0123698711395264], "logp_the": [-0.14435315132141113, -0.07018352299928665, -0.05042524263262749]}