{"id": 162, "sentence_nb": 14, "input_str": " Old dogs. There is something to love about an old dog who asks nothing from you other than to be a part of your life. Scout is a part of my life. He\u2019s about 14 years old, and I\u2019ve had him since he was", "correct_token_is_a": true, "logp_a": [-0.14826448261737823, -0.010148472152650356, -0.011404914781451225], "logp_the": [-1.9819742441177368, -4.595506191253662, -4.47940731048584]}