{"id": 1061, "sentence_nb": 95, "input_str": " Senate Republicans on Wednesday blocked legislation aimed at letting people refinance their student loans at lower rates, a pre-ordained outcome that gave Democrats a fresh election-year talking point against the GOP.\n\nThe 56-38 vote fell short of the 60 that would have been needed to advance to debate on", "correct_token_is_a": false, "logp_a": [-2.395585298538208, -1.7042676210403442, -2.6583988666534424, -14.724819, -5.231989, -7.050975], "logp_the": [-1.2899706363677979, -0.6553174257278442, -0.2516395151615143, -0.00010235966, -0.006531886, -0.0014310132]}