{"id": 101, "sentence_nb": 10, "input_str": " Pete Carroll feels bad about Seahawks faking a punt in a blowout\n\nHead coach Pete Carroll of the Seattle Seahawks celebrates after", "correct_token_is_a": false, "logp_a": [-2.723609209060669, -2.404714822769165, -2.846503257751465, -1.7265992, -0.7049273, -1.2791713], "logp_the": [-1.794250726699829, -1.8181135654449463, -2.561873435974121, -1.5817149, -3.937106, -1.8549484]}