{"id": 190, "sentence_nb": 17, "input_str": " 0 Subway owners write letter to bigwigs in protest of the $5 footlong\n\nWhile", "correct_token_is_a": false, "logp_a": [-3.857548236846924, -3.9306421279907227, -4.060397624969482, -6.506819, -6.7944074, -5.8246922], "logp_the": [-2.058438777923584, -2.394822120666504, -1.9485660791397095, -3.004262, -2.982651, -3.1328502]}