{"id": 14, "sentence_nb": 1, "input_str": " Via: Wikipedia\n\nAlthough DreamWorks Animation is already independent, it does distribute it\u2019s films through Paramount, who in return, collect a fee from the gross receipts. Such an arrangement has worked well until now, just one short year away from the end of", "correct_token_is_a": false, "logp_a": [-3.8159475326538086, -4.165250778198242, -3.7055060863494873, -9.811532, -5.805441, -6.2541966], "logp_the": [-0.9634952545166016, -1.2832013368606567, -0.68479984998703, -1.5308795, -0.9353608, -1.54763]}