{"id": 1014, "sentence_nb": 89, "input_str": "[BEGIN] The G-1 League finals in China has been amazing to watch. The world champions iG were the first team to be eliminated, Alliance finished with a perfect 6-0 record and a number of new strategies were unleashed. As the dust settled and Alliance were", "correct_token_is_a": false, "logp_a": [-0.2033824771642685, -2.2525222301483154, -3.634141445159912], "logp_the": [-1.6926355361938477, -0.11108098924160004, -0.026761548593640327]}