{"id": 155, "sentence_nb": 14, "input_str": " FOXBOROUGH, Mass. -- One of the biggest questions following the New England Patriots' trade of starting left guard Logan Mankins to the Buccaneers on Tuesday is how the team plans to fill the void. The players who figure to be affected most have been highlighted, and now the thought is to take things one step further.\n\nBy going through every drive of", "correct_token_is_a": false, "logp_a": [-4.398654460906982, -4.166985511779785, -3.9320292472839355, -15.965047, -7.890869, -7.4422245], "logp_the": [-0.37426042556762695, -0.4570167064666748, -1.2379909753799438, -0.0004788141, -0.18952765, -0.29724562]}