{"id": 1083, "sentence_nb": 95, "input_str": "[BEGIN] Photo by: Jarrett Murphy\n\nRandy Credico does a dead-on Rudy Giuliani impression, once lit", "correct_token_is_a": true, "logp_a": [-1.0423893928527832, -1.2259713411331177, -0.5331557393074036], "logp_the": [-0.4348081946372986, -0.3473931550979614, -0.8837035298347473]}