{"id": 102, "sentence_nb": 10, "input_str": " Pete Carroll feels bad about Seahawks faking a punt in a blowout\n\nHead coach Pete Carroll of the Seattle Seahawks celebrates after the Seahawks made an interception during an NFL game against", "correct_token_is_a": false, "logp_a": [-4.243261814117432, -7.973146915435791, -8.939141273498535, -25.904884, -17.193571, -17.358944], "logp_the": [-0.6759334802627563, -0.02893313579261303, -0.007366755045950413, -1.8841804e-07, -0.00012357882, -7.815842e-05]}