{"id": 1069, "sentence_nb": 96, "input_str": " Are the Chicago Bears cooked sans Jay Cutler? Can", "correct_token_is_a": false, "logp_a": [-3.860138416290283, -3.498562812805176, -4.473493576049805, -5.7748647, -7.7976108, -4.8770394], "logp_the": [-3.0089426040649414, -1.4923295974731445, -1.5177900791168213, -0.07109823, -3.8538609, -1.2382768]}