{"id": 174, "sentence_nb": 15, "input_str": "[BEGIN] Last week", "correct_token_is_a": false, "logp_a": [-1.3353986740112305, -1.3027238845825195, -1.337479829788208], "logp_the": [-0.30523964762687683, -0.31716638803482056, -0.30449792742729187]}