{"id": 1032, "sentence_nb": 91, "input_str": "[BEGIN] A marketopia populated", "correct_token_is_a": false, "logp_a": [-1.4738479852676392, -0.8935320377349854, -0.5163695216178894], "logp_the": [-0.2601219415664673, -0.5262911319732666, -0.9080321192741394]}