{"id": 145, "sentence_nb": 13, "input_str": " Rousey fights Miesha Tate for Strikeforce belt, but Kaufman should be next\n\nI don\u2019t want to take anything away from \u201cRowdy\u201d Ronda Rousey. I think she\u2019s a fantastic judoka, an excellent mixed martial artist, and a hell of a personality for women\u2019s MMA.\n\nAll that said, I don\u2019t think she deserves the title shot against Miesha Tate. At least not quite yet.\n\nHere\u2019s the good news for Rousey: What I think makes very little difference in", "correct_token_is_a": false, "logp_a": [-3.3337364196777344, -2.84639310836792, -3.6420998573303223, -16.434633, -3.9045994, -5.319172], "logp_the": [-1.283463478088379, -0.9040255546569824, -1.1494011878967285, -0.0003210935, -0.093196675, -0.3341258]}