{"id": 150, "sentence_nb": 14, "input_str": " FOXBOROUGH, Mass. -- One of the biggest questions following", "correct_token_is_a": false, "logp_a": [-1.6882634162902832, -3.2741706371307373, -4.62059211730957, -11.146972, -7.7733555, -5.1402407], "logp_the": [-0.7472319602966309, -0.588982343673706, -0.7710933685302734, -0.004958841, -0.21593958, -0.19520658]}