{"id": 1117, "sentence_nb": 97, "input_str": "[BEGIN] \u201cSomebody told me at the beginning of the campaign that this isn't a sprint, it's a marathon,\u201d he said. \u201cI'm not sure if you're aware, but this is the body and mind of a marathon runner.\u201d\n\n\n\n\u201cThought I'd throw that in so everybody would", "correct_token_is_a": true, "logp_a": [-0.25439608097076416, -0.1276053786277771, -0.18756327033042908], "logp_the": [-1.4933658838272095, -2.121936798095703, -1.7659553289413452]}