{"id": 148, "sentence_nb": 13, "input_str": "[BEGIN] Veronica Mars Movie Photos Tease Drinks & LoVe, Jerry O'Connell, Gaby Hoffman And More By Kelly West Random Article Blend The case? We'll find out", "correct_token_is_a": true, "logp_a": [-2.0757954120635986, -0.9401241540908813, -1.170881748199463], "logp_the": [-0.13405336439609528, -0.495246559381485, -0.3711990714073181]}