{"id": 160, "sentence_nb": 14, "input_str": " Old dogs. There is something to love about an old dog who asks nothing from you other than to be", "correct_token_is_a": true, "logp_a": [-0.22196221351623535, -0.5242584943771362, -0.18242362141609192], "logp_the": [-1.6141774654388428, -0.89647376537323, -1.7912492752075195]}