{"id": 132, "sentence_nb": 12, "input_str": " Imagine that you have a peculiar job in a peculiar factory: Your task is to take objects from a mysterious conveyor belt, and sort", "correct_token_is_a": false, "logp_a": [-4.760007858276367, -7.180781841278076, -7.607794761657715, -24.092003, -20.190937, -18.784348], "logp_the": [-4.970600128173828, -4.024714946746826, -4.6583051681518555, -9.474667, -10.964895, -9.217938]}