{"id": 16, "sentence_nb": 1, "input_str": " Via: Wikipedia\n\nAlthough DreamWorks Animation is already independent, it does distribute it\u2019s films through Paramount, who in return, collect a fee from the gross receipts. Such an arrangement has worked well until now, just one short year away from the end of the current agreement.\n\nThere has been a lot of talk about DreamWorks being either acquired or selling itself to", "correct_token_is_a": true, "logp_a": [-3.006474494934082, -2.397141218185425, -1.8958412408828735, -1.4966824, -1.0574346, -2.6521611], "logp_the": [-1.347060203552246, -3.0523841381073, -3.690396785736084, -4.9484577, -4.1892505, -8.085437]}