{"id": 1058, "sentence_nb": 95, "input_str": " Senate Republicans on Wednesday blocked legislation aimed at letting people refinance their student loans at lower rates, a pre-ordained outcome that gave Democrats", "correct_token_is_a": true, "logp_a": [-2.5226192474365234, -1.412739872932434, -1.6250641345977783, -0.27871615, -0.5629738, -1.8912907], "logp_the": [-2.6750411987304688, -2.369656562805176, -2.758624315261841, -4.661398, -2.057462, -5.4901605]}