{"id": 142, "sentence_nb": 13, "input_str": " Rousey fights Miesha Tate for Strikeforce belt, but Kaufman should be next\n\nI don\u2019t want to take anything away from \u201cRowdy\u201d Ronda Rousey. I think she\u2019s a fantastic judoka, an excellent mixed martial artist, and a hell of", "correct_token_is_a": true, "logp_a": [-1.2544032335281372, -0.07136879861354828, -0.057985298335552216, -0.0003527561, -0.051798176, -0.024179582], "logp_the": [-3.252382278442383, -8.49578857421875, -8.57499885559082, -19.712234, -14.206528, -14.456883]}