{"id": 1046, "sentence_nb": 92, "input_str": " As the last day of the trip arrived on Tuesday morning, Mrs. Clinton reflected briefly. \u201cIt\u2019s been great,\u201d she told reporters who stopped her in a hotel before heading out to summit meetings. \u201cIt\u2019s been bittersweet, nostalgic, all", "correct_token_is_a": false, "logp_a": [-2.5625216960906982, -4.781028747558594, -3.8346433639526367], "logp_the": [-0.08024530857801437, -0.008422685787081718, -0.021845893934369087]}