{"id": 1004, "sentence_nb": 88, "input_str": "[BEGIN] Love and death are a strange combination. Hananuma Masakichi was a Japanese artist who learned he was dying from tuberculosis. He wanted to leave a parting gift to the woman he loved. He", "correct_token_is_a": true, "logp_a": [-0.4791775047779083, -0.34612563252449036, -0.08922036737203598], "logp_the": [-0.965723991394043, -1.229029655456543, -2.4609243869781494]}