{"id": 1021, "sentence_nb": 92, "input_str": " Silverchair, Freak, Daniel Johns, Ben Gillies, Chris Joannou\n\nDANIEL Johns once described Silverchair\u2019s Freak Show as \u201csome kind of dark, high school band skeleton.\u201d But its an album that", "correct_token_is_a": true, "logp_a": [-5.917672634124756, -6.916510105133057, -7.268501281738281, -14.243311, -9.711523, -10.013355], "logp_the": [-4.6307806968688965, -6.264891147613525, -6.258331298828125, -13.131216, -7.199411, -7.2524605]}