{"id": 1023, "sentence_nb": 92, "input_str": " Silverchair, Freak, Daniel Johns, Ben Gillies, Chris Joannou\n\nDANIEL Johns once described Silverchair\u2019s Freak Show as \u201csome kind of dark, high school band skeleton.\u201d But its an album that a generation after its release, still boasts significant meat on its bones. Last week marked 20 years since Freak Show was released and debuted No.1 on the ARIA charts. In", "correct_token_is_a": false, "logp_a": [-2.9003870487213135, -3.1081340312957764, -3.145334005355835, -3.9621778, -1.7605448, -2.673987], "logp_the": [-1.8538315296173096, -2.091974973678589, -1.7585923671722412, -5.262213, -2.4475193, -1.9092023]}