{"id": 149, "sentence_nb": 14, "input_str": " FOXBOROUGH, Mass. -- One of", "correct_token_is_a": false, "logp_a": [-4.586155891418457, -4.997493267059326, -6.284785270690918, -14.9263, -8.312818, -8.643579], "logp_the": [-0.3970460891723633, -0.45865219831466675, -0.21073830127716064, -0.0067740553, -0.2060129, -0.119139776]}