{"id": 151, "sentence_nb": 13, "input_str": "[BEGIN] Veronica Mars Movie Photos Tease Drinks & LoVe, Jerry O'Connell, Gaby Hoffman And More By Kelly West Random Article Blend The case? We'll find out in a matter of weeks when the movie hits theaters and Video on Demand!\n\n\n\nFollowing the release", "correct_token_is_a": false, "logp_a": [-2.1353797912597656, -2.991177558898926, -2.8105082511901855], "logp_the": [-0.12578962743282318, -0.05153361335396767, -0.062060944736003876]}