{"id": 1099, "sentence_nb": 96, "input_str": "[BEGIN] What cryptocurrency designers need to know about voting\n\nJameson Quinn Blocked Unblock Follow Following Sep 3, 2017\n\nSo you want to create a new cryptocurrency, one that will last for the ages.\n\nYou can\u2019t possibly anticipate every challenge it will face", "correct_token_is_a": false, "logp_a": [-1.861980676651001, -1.6251767873764038, -3.379727602005005], "logp_the": [-0.16885022819042206, -0.2192472666501999, -0.03465014696121216]}