{"id": 1000, "sentence_nb": 88, "input_str": "[BEGIN] Love and death", "correct_token_is_a": true, "logp_a": [-0.631325364112854, -1.1815975904464722, -0.7735767960548401], "logp_the": [-0.7590442895889282, -0.3664197027683258, -0.6187077164649963]}