{"id": 149, "sentence_nb": 13, "input_str": "[BEGIN] Veronica Mars Movie Photos Tease Drinks & LoVe, Jerry O'Connell, Gaby Hoffman And More By Kelly West Random Article Blend The case? We'll find out in a matter of weeks", "correct_token_is_a": false, "logp_a": [-1.1260251998901367, -2.5171453952789307, -2.3742623329162598], "logp_the": [-0.39203542470932007, -0.08413147181272507, -0.09770452231168747]}