{"id": 129, "sentence_nb": 12, "input_str": " Imagine that you have", "correct_token_is_a": true, "logp_a": [-1.6052908897399902, -1.205810546875, -1.1733028888702393, -0.43990314, -0.4875932, -0.4244291], "logp_the": [-3.613041400909424, -3.4525070190429688, -3.038956880569458, -6.240783, -3.575314, -4.231483]}