{"id": 192, "sentence_nb": 16, "input_str": "[BEGIN] Wednesday, Oct 28, 2015 10:59 PM UTC\n\nAbout a year ago I was asked to teach a class about the evolution of the representation of sex throughout American Cinema. I started with the silent film ( The Cheat ) and ended with Spike Jonze\u2019s disembodied sex in Her. Along the way, I", "correct_token_is_a": true, "logp_a": [-0.6655698418617249, -0.8387627601623535, -0.8495970964431763], "logp_the": [-0.721506655216217, -0.5660653114318848, -0.5578948259353638]}