{"id": 130, "sentence_nb": 12, "input_str": " Imagine that you have a peculiar job in", "correct_token_is_a": true, "logp_a": [-3.390777587890625, -1.7493585348129272, -1.2610269784927368, -2.1026266, -1.2573795, -0.84700894], "logp_the": [-1.4364690780639648, -1.8293908834457397, -1.9708620309829712, -5.7073364, -1.8434563, -2.895765]}