{"id": 133, "sentence_nb": 12, "input_str": " Imagine that you have a peculiar job in a peculiar factory: Your task is to take objects from a mysterious conveyor belt, and sort the objects into two bins. When you first arrive, Susan", "correct_token_is_a": false, "logp_a": [-7.740072250366211, -8.353705406188965, -8.394532203674316, -13.079928, -10.672428, -11.004172], "logp_the": [-7.478320121765137, -7.206679344177246, -6.778573036193848, -5.8573403, -4.0282016, -2.8533165]}