{"id": 1059, "sentence_nb": 95, "input_str": " Senate Republicans on Wednesday blocked legislation aimed at letting people refinance their student loans at lower rates, a pre-ordained outcome that gave Democrats a fresh election-year talking point against", "correct_token_is_a": false, "logp_a": [-2.9283082485198975, -2.825617790222168, -3.4214324951171875, -14.881041, -7.503254, -5.2047286], "logp_the": [-1.21909499168396, -1.690012812614441, -1.8295670747756958, -6.6818037, -0.2718027, -0.15528466]}