{"id": 161, "sentence_nb": 14, "input_str": "[BEGIN] Old dogs. There is something to love about an old dog who asks nothing from you other than to be a part of your life. Scout", "correct_token_is_a": true, "logp_a": [-0.18704214692115784, -0.2519579529762268, -0.19305245578289032], "logp_the": [-1.7684849500656128, -1.5018281936645508, -1.7397671937942505]}