{"id": 12, "sentence_nb": 1, "input_str": " Via: Wikipedia\n\nAlthough DreamWorks Animation is already independent, it does distribute it\u2019s films through Paramount, who in return, collect a fee from", "correct_token_is_a": false, "logp_a": [-2.9070982933044434, -4.918623924255371, -4.865072250366211, -11.135957, -9.640355, -8.637897], "logp_the": [-1.3126873970031738, -1.4072558879852295, -1.2705514430999756, -5.890472, -2.8974082, -0.5122669]}