{"id": 1070, "sentence_nb": 96, "input_str": " Are the Chicago Bears cooked sans Jay Cutler? Can the Green Bay Packers deal with", "correct_token_is_a": true, "logp_a": [-2.9043595790863037, -2.9039201736450195, -2.1961987018585205, -5.450487, -1.8838177, -1.917271], "logp_the": [-1.6114156246185303, -2.407711982727051, -2.3723270893096924, -5.120192, -1.6215814, -1.9120088]}