{"id": 1032, "sentence_nb": 93, "input_str": " FORT WORTH \u2014 The Sprint Cup Series\u2019 drivers council has met four times since Speedweeks in Daytona according to Kyle Busch. Members say this year\u2019s edition has better footing than it did in its first season of existence.\n\n\u201cWe\u2019re getting better at understanding what our role is as", "correct_token_is_a": true, "logp_a": [-2.005936622619629, -1.2530509233474731, -1.7549159526824951, -3.9207008, -1.3095982, -0.5219925], "logp_the": [-4.025164604187012, -3.5339040756225586, -3.3342387676239014, -8.408432, -5.468563, -3.6030214]}