{"id": 143, "sentence_nb": 13, "input_str": " Rousey fights Miesha Tate for Strikeforce belt, but Kaufman should be next\n\nI don\u2019t want to take anything away from \u201cRowdy\u201d Ronda Rousey. I think she\u2019s a fantastic judoka, an excellent mixed martial artist, and a hell of a personality for women\u2019s MMA.\n\nAll that said, I don\u2019t think she deserves", "correct_token_is_a": false, "logp_a": [-1.3309487104415894, -1.7130529880523682, -1.8730683326721191, -14.629014, -2.871247, -5.1286974], "logp_the": [-2.741802215576172, -1.9231741428375244, -1.505709171295166, -0.004734477, -1.0721827, -0.5522034]}