{"id": 179, "sentence_nb": 16, "input_str": " The High Court has told British intelligence services to hand over relevant files to lawyers representing Binyam Mohamed, an Ethiopian and one-time UK resident, facing a US military tribunal at Guant\u00e1namo Bay. Mohamed is accused of plotting to trigger a radioactive \"dirty bomb\" on US soil, and could face the death penalty if found guilty.\n\nThe British judges set out their findings in", "correct_token_is_a": true, "logp_a": [-1.8689930438995361, -0.8328468203544617, -0.6502053737640381, -0.022768144, -0.030531825, -0.13075337], "logp_the": [-1.2542345523834229, -2.4284355640411377, -2.310800313949585, -7.190788, -6.7926106, -6.7714243]}