{"id": 1057, "sentence_nb": 95, "input_str": " Senate Republicans on Wednesday blocked legislation aimed at letting people refinance their student loans at lower rates,", "correct_token_is_a": true, "logp_a": [-3.262413501739502, -2.682708978652954, -2.6291465759277344, -5.5667953, -2.3975735, -1.8579248], "logp_the": [-3.863527774810791, -4.274787902832031, -4.561260223388672, -4.7240787, -5.5764394, -3.8730347]}