{"id": 192, "sentence_nb": 17, "input_str": " 0 Subway owners write letter to bigwigs in protest of the $5 footlong\n\nWhile the $5 footlong from Subway is one of the best bites for your buck in", "correct_token_is_a": false, "logp_a": [-2.852919340133667, -3.9277689456939697, -4.450342178344727, -11.92164, -10.950441, -6.4407506], "logp_the": [-1.1921145915985107, -1.2208521366119385, -1.4250354766845703, -0.3314741, -1.6714847, -0.19200064]}