{"id": 100, "sentence_nb": 10, "input_str": " Pete Carroll feels bad about Seahawks faking a punt in a blowout\n\nHead coach Pete Carroll of", "correct_token_is_a": false, "logp_a": [-6.5439043045043945, -8.014748573303223, -9.532214164733887, -25.277851, -21.808132, -18.857695], "logp_the": [-2.0353291034698486, -0.10907858610153198, -0.018511861562728882, -2.0218295e-05, -5.169127e-05, -0.00018188405]}