{"id": 120, "sentence_nb": 10, "input_str": " Texas Gov. Greg Abbott has not backed down from his vow to eradicate sanctuary city policies from the Lone Star State, officially offering a stark warning to Austin\u2019s sheriff on Monday.\n\nAbbott warned Travis County Sheriff Sally Hernandez that her jail would become", "correct_token_is_a": false, "logp_a": [-0.2474214881658554, -0.12954582273960114, -0.1119254007935524], "logp_the": [-1.5178234577178955, -2.1077945232391357, -2.245363473892212]}