{"id": 1030, "sentence_nb": 90, "input_str": "[BEGIN] Police released surveillance video Tuesday of a north St. Louis triple shooting that left two men dead and another in critical condition.\n\nThe shooting occurred on the 4200 block of West Page around 11:55 a.m. Monday. According", "correct_token_is_a": false, "logp_a": [-0.5770801901817322, -1.3544045686721802, -1.3109228610992432], "logp_the": [-0.8244766592979431, -0.2985421121120453, -0.3141234517097473]}