{"id": 141, "sentence_nb": 13, "input_str": " Rousey fights Miesha Tate for Strikeforce belt, but Kaufman should be next\n\nI don\u2019t want to take anything away from \u201cRowdy\u201d Ronda Rousey. I think she\u2019s a fantastic judoka, an excellent mixed martial artist, and", "correct_token_is_a": true, "logp_a": [-2.7658395767211914, -1.1765360832214355, -1.3176870346069336, -1.7977674, -0.65209675, -1.041817], "logp_the": [-2.9869728088378906, -3.572028636932373, -3.83945369720459, -13.062621, -6.393601, -5.4365087]}