{"id": 1003, "sentence_nb": 88, "input_str": "[BEGIN] Love and death are a strange combination. Hananuma Masakichi was a Japanese artist who learned he was dying from tuberculosis. He wanted to leave a parting gift", "correct_token_is_a": false, "logp_a": [-0.9553098678588867, -2.0967774391174316, -1.938786268234253], "logp_the": [-0.48563385009765625, -0.13107916712760925, -0.15534287691116333]}