{"id": 1082, "sentence_nb": 95, "input_str": " Photo by: Jarrett Murphy\n\nRandy Credico does", "correct_token_is_a": true, "logp_a": [-0.2668258845806122, -0.26957663893699646, -0.21084171533584595], "logp_the": [-1.4516069889068604, -1.4426647424697876, -1.6602168083190918]}