{"id": 1055, "sentence_nb": 93, "input_str": "[BEGIN] Born in 1906 in Wisconsin, Ed Gein grew up in a repressive household dominated", "correct_token_is_a": true, "logp_a": [-1.6183027029037476, -1.0791959762573242, -0.8884027004241943], "logp_the": [-0.22093956172466278, -0.41531652212142944, -0.5298593044281006]}