{"id": 135, "sentence_nb": 12, "input_str": " Imagine that you have a peculiar job in a peculiar factory: Your task is to take objects from a mysterious conveyor belt, and sort the objects into two bins. When you first arrive, Susan the Senior Sorter explains to you that blue egg-shaped objects are called \"bleggs\" and go in the \"blegg bin\", while red cubes are called \"rubes\" and go in", "correct_token_is_a": false, "logp_a": [-2.9042887687683105, -4.157974720001221, -5.3435211181640625, -22.69805, -15.657427, -14.852507], "logp_the": [-0.19703726470470428, -0.13647516071796417, -0.09469608217477798, 0, -3.076318e-07, -1.2588937e-05]}