{"id": 109, "sentence_nb": 9, "input_str": "[BEGIN] I think one should still be a Leninist, at least in the very precise sense that we cannot really look to the spontaneity and creativity of the masses to establish analytical groups in a lasting way \u2013 if it still makes sense to speak of Leninism", "correct_token_is_a": false, "logp_a": [-1.416161298751831, -2.1083171367645264, -1.3101344108581543], "logp_the": [-0.2779214382171631, -0.12947355210781097, -0.3144145607948303]}