{"id": 11, "sentence_nb": 1, "input_str": " Via: Wikipedia\n\nAlthough DreamWorks Animation is already independent, it does distribute it\u2019s films through Paramount, who in return, collect", "correct_token_is_a": true, "logp_a": [-3.2342722415924072, -3.2223734855651855, -1.9359819889068604, -0.71607184, -2.4356499, -0.15328427], "logp_the": [-1.5334179401397705, -2.026549816131592, -2.407654047012329, -4.0840096, -2.9636981, -5.4050064]}