{"id": 108, "sentence_nb": 9, "input_str": "[BEGIN] I think one should still be a Leninist, at least in the very precise sense that we cannot really look to the spontaneity and creativity of the masses to establish analytical groups", "correct_token_is_a": true, "logp_a": [-3.112258195877075, -1.4665534496307373, -1.534038782119751], "logp_the": [-0.04552094265818596, -0.2622992992401123, -0.24291633069515228]}