{"id": 146, "sentence_nb": 12, "input_str": "[BEGIN] ScoreVG Chat log: 2013-07-02 LuisMataPop Jul 3rd, 2013 3,180 Never 3,180Never\n\n", "correct_token_is_a": true, "logp_a": [-0.09038907289505005, -6.16293036728166e-05, -9.333651541965082e-05], "logp_the": [-2.4484856128692627, -9.694291114807129, -9.279497146606445]}