{"id": 191, "sentence_nb": 16, "input_str": "[BEGIN] Wednesday, Oct 28, 2015 10:59 PM UTC\n\nAbout a year ago I was asked to teach a class about the evolution of the representation of sex throughout American Cinema. I started with the silent film ( The Cheat ) and ended with Spike Jonze\u2019s disembodied sex in Her.", "correct_token_is_a": false, "logp_a": [-3.0106306076049805, -5.8375396728515625, -1229983.625], "logp_the": [-0.05051523447036743, -0.0029202932491898537, -1229976.375]}