{"id": 110, "sentence_nb": 9, "input_str": "[BEGIN] I think one should still be a Leninist, at least in the very precise sense that we cannot really look to the spontaneity and creativity of the masses to establish analytical groups in a lasting way \u2013 if it still makes sense to speak of Leninism when the objective", "correct_token_is_a": false, "logp_a": [-2.2496485710144043, -1.6934549808502197, -1.8458366394042969], "logp_the": [-0.11141909658908844, -0.20319773256778717, -0.1718483567237854]}