{"id": 1044, "sentence_nb": 92, "input_str": "[BEGIN] As the last day", "correct_token_is_a": false, "logp_a": [-2.63596510887146, -3.0582990646362305, -3.2422449588775635], "logp_the": [-0.07434620708227158, -0.04810630530118942, -0.0398600772023201]}