{"id": 1029, "sentence_nb": 90, "input_str": " Police released surveillance video Tuesday of a north St. Louis triple shooting that left two men dead and another in critical condition.\n\nThe shooting occurred on the 4200 block of West Page around 11:55", "correct_token_is_a": true, "logp_a": [-0.008132913149893284, -0.0003123987407889217, -2200826.75], "logp_the": [-4.815894603729248, -8.071537017822266, -2200834.25]}