{"id": 1093, "sentence_nb": 98, "input_str": " A vast, peat-filled wetland has been discovered in the Congo Basin, spanning an area larger than England, and trapping an estimated 30.6 billion tonnes of carbon dioxide in its soil.\n\nThought to be the largest tropical peatland area on Earth, it contains three years\u2019 worth of global fossil fuel emissions, and scientists are now worried that development in the region could release", "correct_token_is_a": false, "logp_a": [-1.7970590591430664, -2.7911767959594727, -2.702481746673584, -4.366823, -4.0008316, -6.3221197], "logp_the": [-2.176013946533203, -2.5639352798461914, -2.7558493614196777, -12.235371, -1.9510899, -0.5509731]}