{"id": 164, "sentence_nb": 15, "input_str": " Economics affects all parts of our daily lives. So, if you want to be an informed citizen you have to know at least some of the most basic economic concepts. This will help you understand how the world works and enable you to take well-informed decisions.\n\nNow, because we know that not everyone has", "correct_token_is_a": false, "logp_a": [-1.78456711769104, -2.230281114578247, -2.6365554332733154, -3.1482513, -0.58469236, -4.0246525], "logp_the": [-2.9262640476226807, -0.8531448841094971, -1.5571486949920654, -6.714069, -1.5552869, -0.17399466]}