{"id": 15, "sentence_nb": 1, "input_str": " Via: Wikipedia\n\nAlthough DreamWorks Animation is already independent, it does distribute it\u2019s films through Paramount, who in return, collect a fee from the gross receipts. Such an arrangement has worked well until now, just one short year away from the end of the current agreement.\n\nThere has been", "correct_token_is_a": true, "logp_a": [-1.4145665168762207, -1.5319093465805054, -1.6183356046676636, -4.035077, -2.9282053, -3.4468894], "logp_the": [-4.219221591949463, -5.459781169891357, -5.596736907958984, -15.414155, -9.037226, -11.606919]}