{"id": 1074, "sentence_nb": 96, "input_str": " Are the Chicago Bears cooked sans Jay Cutler? Can the Green Bay Packers deal with a plethora of injuries? Will Matthew Stafford and the Detroit Lions take advantage of their opportunities? Can the Minnesota Vikings complete a forward pass?\n\nThe NFC North suddenly is fascinating and filled with drama. We examine", "correct_token_is_a": false, "logp_a": [-3.3482682704925537, -3.771782398223877, -4.0662970542907715, -16.828018, -4.803854, -5.05669], "logp_the": [-0.8732364773750305, -1.0744863748550415, -1.287030816078186, -8.155826, -1.6766032, -1.4089639]}