{"id": 1047, "sentence_nb": 92, "input_str": " As the last day of the trip arrived on Tuesday morning, Mrs. Clinton reflected briefly. \u201cIt\u2019s been great,\u201d she told reporters who stopped her in a hotel before heading out to summit meetings. \u201cIt\u2019s been bittersweet, nostalgic, all the things you would expect.\u201d\n\nMr. Obama, too, has seemed to focus on", "correct_token_is_a": false, "logp_a": [-1.8109641075134277, -2.6098668575286865, -2.34190034866333], "logp_the": [-0.17852453887462616, -0.07638904452323914, -0.1010860875248909]}