{"id": 188, "sentence_nb": 16, "input_str": "[BEGIN] Wednesday, Oct 28, 2015 10:59 PM UTC\n\nAbout a year ago I was asked to teach a class", "correct_token_is_a": false, "logp_a": [-0.663445234298706, -2.648340940475464, -2.1470510959625244], "logp_the": [-0.7237584590911865, -0.0733974426984787, -0.12423550337553024]}