{"id": 1070, "sentence_nb": 94, "input_str": " When it comes to politics, in 2015 we witnessed nothing less than", "correct_token_is_a": true, "logp_a": [-0.05985375493764877, -0.33460861444473267, -0.31853044033050537], "logp_the": [-2.845628023147583, -1.2574372291564941, -1.299078345298767]}