{"id": 1104, "sentence_nb": 99, "input_str": " The meteors of the Lyrid meteor appear to originate on the border between Lyra and Hercules.\n\nEditor's note: for our complete coverage of the 2012 Lyrid meteor shower, visit here: Lyrid Meteor Shower of 2012: A Skywatching Resource\n\nThe annual Lyrid meteor shower will hit its peak this weekend and promises to put on an eye-catching display. So much so, NASA is pulling out all the stops.\n\nNASA scientists plan to track", "correct_token_is_a": false, "logp_a": [-3.395761013031006, -3.8821136951446533, -4.002407550811768, -6.9475317, -3.521439, -1.7232226], "logp_the": [-1.060442566871643, -1.0757172107696533, -0.8307270407676697, -0.4057744, -0.90524226, -0.35076824]}