{"id": 140, "sentence_nb": 13, "input_str": " Rousey fights Miesha Tate for Strikeforce belt, but Kaufman should be next\n\nI don\u2019t want to take anything away from \u201cRowdy\u201d Ronda Rousey. I think she\u2019s", "correct_token_is_a": true, "logp_a": [-2.585951805114746, -1.441311001777649, -1.332021951675415, -0.75659645, -0.7261565, -0.7705053], "logp_the": [-3.7268762588500977, -2.4656944274902344, -2.7693235874176025, -9.491385, -6.5618963, -5.579999]}