{"id": 1100, "sentence_nb": 99, "input_str": " The meteors of", "correct_token_is_a": false, "logp_a": [-3.3769867420196533, -3.5768673419952393, -4.252257347106934, -5.5688367, -5.8658147, -5.4125843], "logp_the": [-1.1478121280670166, -1.6224071979522705, -2.0290443897247314, -2.378936, -1.2434965, -1.7231833]}