{"id": 1045, "sentence_nb": 92, "input_str": " As the last day of the trip arrived on Tuesday morning, Mrs. Clinton reflected briefly. \u201cIt\u2019s been great,\u201d she told reporters who stopped her in", "correct_token_is_a": true, "logp_a": [-1.6806385517120361, -2.591287612915039, -1.7436528205871582], "logp_the": [-0.20610827207565308, -0.07787889987230301, -0.19222694635391235]}