{"id": 1002, "sentence_nb": 90, "input_str": " By charting new pathways in", "correct_token_is_a": false, "logp_a": [-4.407998561859131, -4.344280242919922, -3.458272933959961, -5.2270665, -3.843184, -3.334219], "logp_the": [-1.437026023864746, -1.5192146301269531, -0.8923587799072266, -0.8201712, -0.5944271, -1.050207]}