{"id": 132, "sentence_nb": 11, "input_str": "[BEGIN] 0 Army vet with incredible aim saves eagle by shooting it out of tree\n\nRUSH CITY, Minn. - A U.S. Army veteran is being hailed a hero again after he took up arms Thursday to save an eagle that was stuck", "correct_token_is_a": true, "logp_a": [-0.8252544403076172, -0.27842050790786743, -468116.15625], "logp_the": [-0.5764732360839844, -1.4146051406860352, -468117.1875]}