{"id": 1132, "sentence_nb": 99, "input_str": "[BEGIN] Visitors", "correct_token_is_a": false, "logp_a": [-2.439481258392334, -3.395930528640747, -2.378927230834961], "logp_the": [-0.0912451520562172, -0.03408368304371834, -0.09722698479890823]}