{"id": 1085, "sentence_nb": 95, "input_str": " Photo by: Jarrett Murphy\n\nRandy Credico does a dead-on Rudy Giuliani impression, once lit up a joint in the state Capitol and has", "correct_token_is_a": true, "logp_a": [-0.09331405907869339, -0.22302967309951782, -0.13955634832382202], "logp_the": [-2.4180784225463867, -1.6098933219909668, -2.0382533073425293]}