{"id": 179, "sentence_nb": 15, "input_str": "[BEGIN] Last week, the Kalamazoo Nature Center released 18 rare butterfly caterpillars. The Mitchell\u2019s Satyr butterfly is a nationally endangered species. There are only 11 groups of the butterfly left in the entire United States. The Mitchell\u2019s Satyr has been called a \u201ccanary", "correct_token_is_a": true, "logp_a": [-2.696650743484497, -0.6755642890930176, -0.6986257433891296], "logp_the": [-0.06981205940246582, -0.7110447883605957, -0.6876985430717468]}