{"id": 1072, "sentence_nb": 96, "input_str": " Are the Chicago Bears cooked sans Jay Cutler? Can the Green Bay Packers deal with a plethora of injuries? Will Matthew Stafford and the Detroit Lions take advantage of their opportunities? Can", "correct_token_is_a": false, "logp_a": [-3.624255657196045, -3.467496871948242, -4.21598482131958, -8.382811, -5.3467913, -6.2243624], "logp_the": [-0.5718549489974976, -0.8595943450927734, -0.8355449438095093, -0.03902807, -0.5129297, -0.07985321]}