{"id": 134, "sentence_nb": 12, "input_str": " Imagine that you have a peculiar job in a peculiar factory: Your task is to take objects from a mysterious conveyor belt, and sort the objects into two bins. When you first arrive, Susan the Senior Sorter explains to you that blue egg-shaped objects are called \"bleggs\" and go in", "correct_token_is_a": false, "logp_a": [-0.8326045274734497, -2.717594623565674, -3.0034561157226562, -13.950961, -7.508292, -10.75271], "logp_the": [-1.4351130723953247, -1.9798551797866821, -0.9509143829345703, -0.54373854, -0.20080005, -0.035057515]}