{"id": 1068, "sentence_nb": 96, "input_str": " Are", "correct_token_is_a": false, "logp_a": [-3.802518367767334, -6.497133255004883, -5.993286609649658, -10.6319065, -4.561871, -5.2419214], "logp_the": [-2.780796527862549, -3.1376895904541016, -3.0194098949432373, -9.785786, -3.8570316, -4.448274]}