{"id": 1060, "sentence_nb": 95, "input_str": " Senate Republicans on Wednesday blocked legislation aimed at letting people refinance their student loans at lower rates, a pre-ordained outcome that gave Democrats a fresh election-year talking point against the GOP.\n\nThe 56-38 vote fell short of", "correct_token_is_a": false, "logp_a": [-1.7572333812713623, -1.2081243991851807, -2.473724603652954, -2.755687, -4.847596, -8.553567], "logp_the": [-1.285689115524292, -1.1528799533843994, -0.28539299964904785, -0.10685666, -0.012969521, -0.0011850595]}