{"id": 195, "sentence_nb": 17, "input_str": " 0 Subway owners write letter to bigwigs in protest of the $5 footlong\n\nWhile the $5 footlong from Subway is one of the best bites for your buck in the fast food industry, business owners aren\u2019t always fond of the deal. Some of them say it could even threaten their business.\n\nKeith Miller, who owns three Subways in North Carolina, told The Washington Post that the ingredients in", "correct_token_is_a": false, "logp_a": [-2.8318474292755127, -3.9614505767822266, -4.0894341468811035, -12.313733, -4.802871, -2.7820947], "logp_the": [-0.7981588840484619, -1.1594600677490234, -0.26919302344322205, -6.325358e-05, -0.08163504, -0.12599358]}