{"id": 162, "sentence_nb": 15, "input_str": " Economics affects all parts of our daily lives. So, if you want to be an informed citizen you have to know at least some of", "correct_token_is_a": false, "logp_a": [-6.485383987426758, -6.505568981170654, -6.36932897567749, -14.723501, -16.389822, -16.530386], "logp_the": [-1.052886962890625, -0.4912026822566986, -0.7729924917221069, -0.42344165, -0.083190575, -0.09705698]}