{"id": 1056, "sentence_nb": 93, "input_str": " Born in 1906 in Wisconsin, Ed Gein grew up in a repressive household dominated by a controlling mother. Following her death in 1945, his mental health disintegrated. After Gein was apprehended as", "correct_token_is_a": true, "logp_a": [-0.2834172546863556, -0.04657207056879997, -347964.375], "logp_the": [-1.3991990089416504, -3.089948892593384, -347967.40625]}