{"id": 107, "sentence_nb": 9, "input_str": "[BEGIN] I think one should still be a Leninist, at least in the very precise sense that we cannot really look to the spontaneity and creativity", "correct_token_is_a": false, "logp_a": [-1.7686132192611694, -1.9561171531677246, -1.98159921169281], "logp_the": [-0.1870158463716507, -0.15245957672595978, -0.1483244001865387]}