{"id": 187, "sentence_nb": 16, "input_str": " Wednesday, Oct 28, 2015 10:59 PM UTC\n\nAbout a year ago I was asked to teach", "correct_token_is_a": true, "logp_a": [-0.910273015499115, -0.08976506441831589, -0.054851047694683075], "logp_the": [-0.5148577094078064, -2.455106258392334, -2.9304347038269043]}