{"id": 1001, "sentence_nb": 88, "input_str": "[BEGIN] Love and death are a strange combination. Hananuma Masakichi", "correct_token_is_a": true, "logp_a": [-0.5773528218269348, -0.3433668911457062, -0.18801261484622955], "logp_the": [-0.8241274952888489, -1.2357313632965088, -1.763780117034912]}