{"id": 1090, "sentence_nb": 98, "input_str": " A vast, peat-filled wetland has been discovered in", "correct_token_is_a": false, "logp_a": [-2.3661046028137207, -3.1583139896392822, -3.0215940475463867, -9.62569, -4.622806, -3.4804146], "logp_the": [-0.9240241050720215, -1.5953562259674072, -1.4644726514816284, -0.0015258647, -0.5938929, -1.3357089]}