{"id": 1114, "sentence_nb": 97, "input_str": " \u201cSomebody told me at the beginning of the campaign that this isn't a sprint, it's", "correct_token_is_a": true, "logp_a": [-0.04520708695054054, -0.025707853958010674, -0.012446467764675617], "logp_the": [-3.1190195083618164, -3.6737868785858154, -4.392533302307129]}