{"id": 1111, "sentence_nb": 97, "input_str": "[BEGIN] \u201cSomebody told me", "correct_token_is_a": false, "logp_a": [-1.4772745370864868, -1.4085469245910645, -1.147384762763977], "logp_the": [-0.25910624861717224, -0.28037315607070923, -0.38194289803504944]}