{"id": 1010, "sentence_nb": 90, "input_str": " By charting new pathways in the brain, mindfulness can change the banter inside our heads from chaotic to calm.\n\nNot too long ago, most of us thought that the brain we\u2019re born with is static\u2014that after a certain age, the neural circuitry cards we\u2019re dealt are the only ones we can play long-term.\n\nFast-forward a decade or two, and we\u2019re beginning to see the opposite:", "correct_token_is_a": false, "logp_a": [-3.0413222312927246, -3.6264803409576416, -4.194387435913086, -3.2963324, -6.101389, -8.589449], "logp_the": [-2.5452494621276855, -2.0901262760162354, -2.0047662258148193, -2.7227595, -2.8995848, -5.4640317]}