{"id": 104, "sentence_nb": 9, "input_str": " I think one should still be", "correct_token_is_a": true, "logp_a": [-0.6665956974029541, -0.17707186937332153, -0.14280293881893158], "logp_the": [-0.7204229831695557, -1.8184292316436768, -2.0168416500091553]}