{"id": 178, "sentence_nb": 15, "input_str": "[BEGIN] Last week, the Kalamazoo Nature Center released 18 rare butterfly caterpillars. The Mitchell\u2019s Satyr butterfly is a nationally endangered species. There are only 11 groups of the butterfly left in the entire United States. The Mitchell\u2019s Satyr has been", "correct_token_is_a": true, "logp_a": [-1.1171902418136597, -2.1624093055725098, -1.4144961833953857], "logp_the": [-0.39630401134490967, -0.12222142517566681, -0.278455525636673]}