{"id": 1058, "sentence_nb": 93, "input_str": "[BEGIN] Born in 1906 in Wisconsin, Ed Gein grew up in a repressive household dominated by a controlling mother. Following her death in 1945, his mental health disintegrated. After Gein was apprehended as a suspect in a 1957 murder", "correct_token_is_a": false, "logp_a": [-1.919340968132019, -1.0345584154129028, -1.3472814559936523], "logp_the": [-0.15864837169647217, -0.43909940123558044, -0.30103206634521484]}