{"id": 186, "sentence_nb": 16, "input_str": "[BEGIN] Wednesday, Oct 28, 2015 10:59 PM UTC\n\n", "correct_token_is_a": true, "logp_a": [-0.8296548128128052, -3.5606911182403564, -0.7952754497528076], "logp_the": [-0.5730553865432739, -0.028830869123339653, -0.6004893779754639]}