{"id": 1013, "sentence_nb": 89, "input_str": "[BEGIN] The G-1 League finals in China has been amazing to watch. The world champions iG were the first team to be eliminated, Alliance finished with a perfect 6-0 record and a number of new strategies were unleashed.", "correct_token_is_a": false, "logp_a": [-0.481078565120697, -0.6536861658096313, -0.8898136615753174], "logp_the": [-0.9626392722129822, -0.7342296838760376, -0.5288746356964111]}