{"id": 1042, "sentence_nb": 94, "input_str": " Former U.S. President Bill Clinton motions for members of his family to join him onstage after he and former first lady Sen. Hillary Clinton (D-NY) unveiled portraits of themselves in Washington, April 24, 2006. The portraits will hang in", "correct_token_is_a": false, "logp_a": [-3.6694421768188477, -2.226738691329956, -3.8983898162841797, -9.351922, -6.5704045, -6.2970147], "logp_the": [-1.5612982511520386, -0.678581953048706, -0.29828453063964844, -0.0024194962, -0.011401097, -0.0059464406]}