{"id": 1133, "sentence_nb": 99, "input_str": " Visitors of the Indonesian island of Bali are reportedly eating dog meat unknowingly.\n\nAnimal protection organization Animals Australia found out that dogs are killed and sold to tourists in Bali, who think they are eating chicken.\n\nAround 70 restaurants across", "correct_token_is_a": false, "logp_a": [-4.427934169769287, -5.282926559448242, -5.476847171783447], "logp_the": [-0.012010989710688591, -0.005090490449219942, -0.00419130502268672]}