{"id": 1028, "sentence_nb": 90, "input_str": " Police released surveillance video Tuesday of a north St. Louis triple shooting that left two men dead and another in critical condition.\n\nThe shooting occurred on", "correct_token_is_a": false, "logp_a": [-1.4049818515777588, -1.9829281568527222, -2.6595897674560547], "logp_the": [-0.2815297245979309, -0.14811214804649353, -0.07254590094089508]}