{"id": 1098, "sentence_nb": 96, "input_str": "[BEGIN] What cryptocurrency designers need to know about voting\n\nJameson Quinn Blocked Unblock Follow Following Sep 3, 2017\n\nSo you want to create a new cryptocurrency, one that will last", "correct_token_is_a": false, "logp_a": [-1.094377040863037, -0.1005081757903099, -0.3052557408809662], "logp_the": [-0.40758946537971497, -2.3473496437072754, -1.3353537321090698]}