{"id": 175, "sentence_nb": 15, "input_str": "[BEGIN] Last week, the Kalamazoo Nature Center released 18 rare butterfly caterpillars. The Mitchell\u2019s Satyr butterfly", "correct_token_is_a": true, "logp_a": [-0.32168129086494446, -1.136446237564087, -0.6446873545646667], "logp_the": [-1.290726900100708, -0.38707178831100464, -0.7440754771232605]}