{"id": 191, "sentence_nb": 17, "input_str": " 0 Subway owners write letter to bigwigs in protest of the $5 footlong\n\nWhile the $5 footlong from Subway is one of", "correct_token_is_a": false, "logp_a": [-4.669366836547852, -5.146734714508057, -3.734358549118042, -13.445353, -12.366495, -10.815061], "logp_the": [-0.22380805015563965, -0.21177171170711517, -0.3789813220500946, -0.003045566, -0.2236397, -0.13476972]}