{"id": 1005, "sentence_nb": 90, "input_str": " By charting new pathways in the brain, mindfulness can change the banter inside our heads from chaotic to calm.\n\nNot too long ago, most of us thought that the brain we\u2019re born with is static\u2014that after", "correct_token_is_a": true, "logp_a": [-2.6696176528930664, -1.6142997741699219, -1.8589873313903809, -4.7515855, -3.1531749, -5.362797], "logp_the": [-2.0936288833618164, -3.746112823486328, -4.097009181976318, -7.9345784, -5.376202, -7.485971]}