{"id": 147, "sentence_nb": 12, "input_str": "[BEGIN] ScoreVG Chat log: 2013-07-02 LuisMataPop Jul 3rd, 2013 3,180 Never 3,180Never\n\nNot a member of Pastebin yet? Sign Up, it unlocks many cool features!\n\nrawdownloadcloneembedreportprint text 397.51 KB [21:54:49] [21:54:49] \u2014\u2014\u2014\u2014\u2014\u2014\u2014\u2014\u2014\u2014\u2014\u2014\u2014 Begin Session \u2014\u2014\u2014\u2014\u2014\u2014\u2014\u2014\u2014\u2014\u2014\u2014\u2014 [21:54:49] [21:55:10] LuisMataPop", "correct_token_is_a": false, "logp_a": [-1.7103575468063354, -8.24294662475586, -5.862041473388672], "logp_the": [-0.19942839443683624, -0.0002631794777698815, -0.00284944917075336]}