{"id": 1123, "sentence_nb": 98, "input_str": " Bengaluru: The Indian unit of Amazon.com Inc. is preparing to launch its flagship annual sale later this month and is pulling out all stops to overtake arch rival Flipkart.\n\nAmazon India could find competing with and besting Flipkart", "correct_token_is_a": true, "logp_a": [-0.4428360164165497, -0.41417166590690613, -0.23811809718608856], "logp_the": [-1.0278160572052002, -1.081423282623291, -1.55168616771698]}