{"id": 176, "sentence_nb": 15, "input_str": "[BEGIN] Last week, the Kalamazoo Nature Center released 18 rare butterfly caterpillars. The Mitchell\u2019s Satyr butterfly is a nationally endangered species. There are only 11 groups", "correct_token_is_a": false, "logp_a": [-2.7095093727111816, -3.1678309440612793, -2.671011209487915], "logp_the": [-0.06888869404792786, -0.04300642013549805, -0.07169175148010254]}