{"id": 189, "sentence_nb": 17, "input_str": " 0 Subway owners write letter to bigwigs in protest of", "correct_token_is_a": false, "logp_a": [-3.149939775466919, -5.958702087402344, -6.5097575187683105, -11.32689, -8.419326, -7.8098774], "logp_the": [-2.274462938308716, -4.7198028564453125, -5.195891857147217, -9.665296, -5.671479, -7.0676684]}