{"id": 1, "sentence_nb": 0, "input_str": " Early concept art for Geomon in 2011\n\nLocation-based Pok\u00e9mon \u2014 An \u201cInsider\u2019s\u201d View\n\nIvan Lee Blocked Unblock Follow Following Jul 14, 2016\n\n\u201cAre you familiar with Pok\u00e9mon? It\u2019s a game based on capturing and collecting pets from around", "correct_token_is_a": false, "logp_a": [-3.9549503326416016, -7.867732048034668, -7.047070026397705, -26.383121, -8.970187, -11.666525], "logp_the": [-0.7669888138771057, -0.023684442043304443, -0.014209991320967674, -3.0353855e-05, -0.0055466476, -0.0001849835]}