{"id": 17, "sentence_nb": 1, "input_str": " Via: Wikipedia\n\nAlthough DreamWorks Animation is already independent, it does distribute it\u2019s films through Paramount, who in return, collect a fee from the gross receipts. Such an arrangement has worked well until now, just one short year away from the end of the current agreement.\n\nThere has been a lot of talk about DreamWorks being either acquired or selling itself to a larger corporation as", "correct_token_is_a": true, "logp_a": [-1.2967473268508911, -0.9302069544792175, -1.6318657398223877, -7.3692346, -0.6314697, -11.727186], "logp_the": [-2.2963085174560547, -2.473740339279175, -2.1292717456817627, -4.896513, -2.2759943, -6.5421915]}