{"id": 1034, "sentence_nb": 93, "input_str": " FORT WORTH \u2014 The Sprint Cup Series\u2019 drivers council has met four times since Speedweeks in Daytona according to Kyle Busch. Members say this year\u2019s edition has better footing than it did in its first season of existence.\n\n\u201cWe\u2019re getting better at understanding what our role is as a group,\u201d Dale Earnhardt Jr. said Saturday night of the council that first met last May at Dover International Speedway.\n\nEarnhardt is one of", "correct_token_is_a": false, "logp_a": [-4.559038162231445, -3.852954626083374, -4.238690376281738, -8.465335, -7.3069725, -4.804902], "logp_the": [-0.44852328300476074, -1.3434102535247803, -1.0904285907745361, -8.803553, -0.15035258, -2.0216162]}