{"id": 1116, "sentence_nb": 97, "input_str": " \u201cSomebody told me at the beginning of the campaign that this isn't a sprint, it's a marathon,\u201d he said. \u201cI'm not sure if you're aware, but this is the body and mind of", "correct_token_is_a": true, "logp_a": [-1.0243088006973267, -0.8090206384658813, -0.5790185928344727], "logp_the": [-0.44479528069496155, -0.5893169641494751, -0.8219995498657227]}