{"id": 1044, "sentence_nb": 94, "input_str": " Former U.S. President Bill Clinton motions for members of his family to join him onstage after he and former first lady Sen. Hillary Clinton (D-NY) unveiled portraits of themselves in Washington, April 24, 2006. The portraits will hang in the newly-restored National Portrait Gallery, which is scheduled to reopen July 1. The gallery holds the only complete portrait collection of U.S. presidents outside", "correct_token_is_a": false, "logp_a": [-4.454491138458252, -4.394076824188232, -4.661699295043945, -19.374802, -13.806926, -13.321409], "logp_the": [-0.48490110039711, -1.0498003959655762, -1.0324385166168213, -10.8582115, -3.3354397, -0.34861526]}