{"id": 1102, "sentence_nb": 99, "input_str": " The meteors of the Lyrid meteor appear to originate on the border between Lyra and Hercules.\n\nEditor's note: for our complete coverage of", "correct_token_is_a": false, "logp_a": [-3.432084083557129, -5.987301826477051, -5.30771017074585, -22.401499, -11.537642, -11.445168], "logp_the": [-0.6606207489967346, -0.6468781232833862, -0.6726356148719788, -3.2906587e-06, -0.52248734, -0.013435301]}