{"id": 1004, "sentence_nb": 90, "input_str": " By charting new pathways in the brain, mindfulness can change the banter inside our heads from chaotic to calm.\n\nNot too long ago, most of us thought that", "correct_token_is_a": false, "logp_a": [-2.916065216064453, -3.852449417114258, -4.189764976501465, -9.939591, -5.4075603, -6.8078113], "logp_the": [-2.054189682006836, -2.4991626739501953, -2.396620512008667, -9.434533, -1.9833076, -1.2107153]}