{"id": 114, "sentence_nb": 11, "input_str": " Frenchman Jules Cluzel has won", "correct_token_is_a": false, "logp_a": [-2.436408519744873, -2.41170072555542, -2.685828447341919, -1.5119642, -2.1974082, -2.0881045], "logp_the": [-1.8139537572860718, -0.9001956582069397, -0.770369827747345, -0.78926605, -0.3453396, -0.28879046]}