{"id": 1084, "sentence_nb": 95, "input_str": " Photo by: Jarrett Murphy\n\nRandy Credico does a dead-on Rudy Giuliani impression, once lit up a joint in", "correct_token_is_a": false, "logp_a": [-2.113280773162842, -1.1463592052459717, -0.8454809188842773], "logp_the": [-0.12878932058811188, -0.38242024183273315, -0.5609807968139648]}