{"id": 153, "sentence_nb": 14, "input_str": " FOXBOROUGH, Mass. -- One of the biggest questions following the New England Patriots' trade of starting left guard Logan Mankins to the Buccaneers on Tuesday is how the team plans to fill", "correct_token_is_a": false, "logp_a": [-2.538684368133545, -3.2683234214782715, -3.7085936069488525, -12.312707, -8.850265, -9.935843], "logp_the": [-1.0046448707580566, -1.114331841468811, -0.6546157002449036, -0.27821323, -1.1225181, -0.50681806]}