{"id": 152, "sentence_nb": 14, "input_str": " FOXBOROUGH, Mass. -- One of the biggest questions following the New England Patriots' trade of starting left guard Logan Mankins to the Buccaneers on Tuesday is how", "correct_token_is_a": false, "logp_a": [-3.3454670906066895, -5.01698637008667, -5.720309257507324, -5.1168275, -6.285303, -6.627573], "logp_the": [-1.5587124824523926, -2.0212512016296387, -1.6721141338348389, -0.69824123, -0.90835404, -0.446386]}