{"id": 177, "sentence_nb": 16, "input_str": " The High Court has told British intelligence services to hand over relevant files to lawyers representing Binyam Mohamed, an Ethiopian and one-time UK resident, facing a US military tribunal at Guant\u00e1namo Bay. Mohamed is accused of plotting to trigger", "correct_token_is_a": true, "logp_a": [-0.8313926458358765, -0.8797053098678589, -0.48554661870002747, -0.99609005, -0.021149782, -0.025858391], "logp_the": [-2.400442600250244, -1.4534434080123901, -3.1789841651916504, -4.7924824, -7.29891, -5.5712767]}