{"id": 222, "sentence_nb": 18, "input_str": "[BEGIN] Marine mammals, closely related to whales and porpoises\n\nThis article is about the marine mammals. For other uses, see Dolphin (disambiguation)\n\nDolphin is a common name of aquatic mammals", "correct_token_is_a": false, "logp_a": [-2.2598989009857178, -4.066221714019775, -3.629584550857544], "logp_the": [-0.11021792143583298, -0.017290685325860977, -0.02688537910580635]}