{"id": 281, "sentence_nb": 24, "input_str": " Individualism Reconsidered\n\nby Joe Peacott, with", "correct_token_is_a": true, "logp_a": [-2.567413568496704, -3.3875222206115723, -3.482680320739746, -7.7008214, -2.7982135, -1.5909305], "logp_the": [-2.124523401260376, -3.6312966346740723, -3.55081844329834, -10.695256, -5.04122, -4.981625]}