{"id": 234, "sentence_nb": 20, "input_str": " Introduction This special issue provides a multidisciplinary snapshot of recent developments of the broader, arguably phenomenal, changes to the drug market that have occurred in the past decade related to", "correct_token_is_a": false, "logp_a": [-2.8468408584594727, -4.612735748291016, -5.212565898895264, -6.799081, -7.5942397, -5.447501], "logp_the": [-1.0324411392211914, -1.0920217037200928, -1.902698040008545, -1.5580292, -1.2815161, -0.4748665]}