{"id": 247, "sentence_nb": 21, "input_str": " Stan Lee Confirms His Avengers Cameo, Wants To Be In Batman v Superman By Sean O'Connell Random Article Blend Guardians of the Galaxy largely is set in outer space, it was believed Stan Lee might not make", "correct_token_is_a": false, "logp_a": [-2.001384973526001, -1.319640040397644, -1.8080329895019531, -0.11954381, -2.6525624, -3.2601194], "logp_the": [-1.5512840747833252, -1.794402003288269, -2.7086830139160156, -9.249034, -8.107761, -9.007034]}