{"id": 293, "sentence_nb": 25, "input_str": " Zachary Orr\u2019s short lived NFL career will probably go unnoticed by many fans that aren\u2019t connected with the Baltimore Ravens. Which is unfortunate, because he was on his way to being", "correct_token_is_a": true, "logp_a": [-2.338010787963867, -1.5802288055419922, -1.2039378881454468, -2.5812736, -1.9586921, -0.16261975], "logp_the": [-3.731416702270508, -1.9658946990966797, -1.9299968481063843, -9.123579, -6.3321834, -8.441239]}