{"id": 220, "sentence_nb": 18, "input_str": "[BEGIN] Marine mammals, closely related to whales and porpoises\n\nThis article is", "correct_token_is_a": false, "logp_a": [-0.7283567786216736, -1.535190463066101, -1.8270494937896729], "logp_the": [-0.6591352820396423, -0.24259987473487854, -0.17541055381298065]}