{"id": 291, "sentence_nb": 25, "input_str": "[BEGIN] 214 mpg with DIY aerodynamic fairings on a Honda 125cc motorbike\n\nDutch efficiency enthusiast Allert Jacobs has converted his new Honda motorbike", "correct_token_is_a": true, "logp_a": [-0.4590412676334381, -0.07675740867853165, -0.0547109954059124], "logp_the": [-0.9993711709976196, -2.6052379608154297, -2.9329211711883545]}