{"id": 251, "sentence_nb": 21, "input_str": " Extremely proud of our youngsters! Congratulations to our junior hockey team for winning", "correct_token_is_a": false, "logp_a": [-1.599677324295044, -2.5670080184936523, -3.136744976043701], "logp_the": [-0.22559863328933716, -0.0798712894320488, -0.04439493268728256]}