{"id": 26, "sentence_nb": 2, "input_str": " A Medical Council fitness to practise inquiry has begun into the care of an elderly woman, who died from cervical cancer in 2011.\n\nDr Mukhtar El Siddig Awadalla, was", "correct_token_is_a": true, "logp_a": [-3.0783309936523438, -3.397397041320801, -3.1477444171905518, -3.452013, -3.5242283, -2.2610192], "logp_the": [-3.4763259887695312, -3.7340593338012695, -3.4970943927764893, -3.7012594, -2.1559565, -3.0632367]}