{"id": 299, "sentence_nb": 26, "input_str": "[BEGIN] Tom Penn recaps the Timberwolves' roster changes, which include the additions of Jimmy Butler, Jeff Teague and now Taj Gibson. (1:12)\n\nWhen Tom Thibodeau came back", "correct_token_is_a": false, "logp_a": [-1.9588541984558105, -5.277905464172363, -4.5968804359436035], "logp_the": [-0.1520095318555832, -0.0051162270829081535, -0.010134429670870304]}