{"id": 246, "sentence_nb": 21, "input_str": " Stan Lee Confirms His Avengers Cameo, Wants To Be In Batman v Superman By Sean O'Connell Random Article Blend Guardians of", "correct_token_is_a": false, "logp_a": [-4.420942306518555, -8.249823570251465, -10.1936616897583, -14.222807, -17.727524, -19.047297], "logp_the": [-0.7830007076263428, -0.018362529575824738, -0.006268719676882029, -0.003972453, -0.026852887, -0.0034212791]}