{"id": 298, "sentence_nb": 26, "input_str": " Tom Penn recaps the Timberwolves' roster changes, which include", "correct_token_is_a": false, "logp_a": [-0.9487512111663818, -0.4320734143257141, -2.045915126800537], "logp_the": [-0.48975634574890137, -1.0474298000335693, -0.1384139508008957]}