{"id": 255, "sentence_nb": 22, "input_str": " Frustration Mounts at Google Fiber's Slow Pace, Non-Answers You can add Salt Lake City residents to the growing list of would-be customers frustrated by", "correct_token_is_a": false, "logp_a": [-3.1728038787841797, -3.141848564147949, -3.62603497505188, -12.762765, -8.552941, -9.510476], "logp_the": [-1.6050701141357422, -1.007517695426941, -1.208888292312622, -0.6687015, -1.7517761, -3.6708622]}