{"id": 233, "sentence_nb": 20, "input_str": " Introduction This special issue provides a multidisciplinary snapshot of recent developments of the broader, arguably phenomenal, changes to the drug market that have occurred in", "correct_token_is_a": false, "logp_a": [-2.8403592109680176, -5.069416046142578, -5.4392266273498535, -12.259222, -9.183244, -7.084512], "logp_the": [-0.737569272518158, -0.7749518752098083, -0.6784957647323608, -0.016393825, -0.10741137, -0.76462376]}