{"id": 297, "sentence_nb": 26, "input_str": "[BEGIN] Tom Penn rec", "correct_token_is_a": false, "logp_a": [-0.6874452829360962, -2.2235493659973145, -3.0217554569244385], "logp_the": [-0.6988817453384399, -0.11454059183597565, -0.0499422661960125]}