{"id": 237, "sentence_nb": 20, "input_str": " Introduction This special issue provides a multidisciplinary snapshot of recent developments of the broader, arguably phenomenal, changes to the drug market that have occurred in the past decade related to the rise of the new drug phenomenon. This change is largely a result of", "correct_token_is_a": false, "logp_a": [-1.9035758972167969, -2.1095590591430664, -2.4377851486206055, -4.0325747, -3.2996066, -3.5947359], "logp_the": [-0.8974857330322266, -1.196030616760254, -1.1556463241577148, -0.056328773, -0.532011, -0.24543715]}