{"id": 269, "sentence_nb": 23, "input_str": " NEXTEV, a relatively new start-up company which is headed by former Ford CEO Martin Leach, first bought into", "correct_token_is_a": false, "logp_a": [-2.0912046432495117, -2.7782068252563477, -3.376474380493164, -12.868249, -5.9564776, -3.6617465], "logp_the": [-1.325968861579895, -1.2899330854415894, -1.1900042295455933, -0.00934858, -0.10514271, -1.2856524]}