{"id": 248, "sentence_nb": 21, "input_str": " Stan Lee Confirms His Avengers Cameo, Wants To Be In Batman v Superman By Sean O'Connell Random Article Blend Guardians of the Galaxy largely is set in outer space, it was believed Stan Lee might not make the cut. This\n\n\n\nStan Lee was speaking at", "correct_token_is_a": false, "logp_a": [-1.5826863050460815, -1.8962820768356323, -1.979020357131958, -0.869826, -0.47768813, -0.60113305], "logp_the": [-0.8818682432174683, -1.1678351163864136, -1.046555757522583, -0.56733954, -1.5879233, -1.1264075]}