{"id": 272, "sentence_nb": 23, "input_str": " NEXTEV, a relatively new start-up company which is headed by former Ford CEO Martin Leach, first bought into the original Team China Racing (TCR) team midway through the first season of the championship.\n\nSince then,", "correct_token_is_a": false, "logp_a": [-3.7714438438415527, -5.1707072257995605, -5.312290668487549, -10.830604, -7.7869034, -7.3139205], "logp_the": [-1.4292845726013184, -1.5063319206237793, -1.2672696113586426, -0.29633424, -1.751019, -1.2819419]}