{"id": 270, "sentence_nb": 23, "input_str": " NEXTEV, a relatively new start-up company which is headed by former Ford CEO Martin Leach, first bought into the original Team China Racing (TCR) team midway through", "correct_token_is_a": false, "logp_a": [-4.027306079864502, -4.744173049926758, -6.791076183319092, -16.198343, -11.304611, -7.6600895], "logp_the": [-0.23951312899589539, -1.015566110610962, -0.5751148462295532, -0.27871615, -0.026204832, -0.072125375]}