{"id": 257, "sentence_nb": 22, "input_str": " Frustration Mounts at Google Fiber's Slow Pace, Non-Answers You can add Salt Lake City residents to the growing list of would-be customers frustrated by the slow pace of Google Fiber's deployment. Locals in the city are frustrated by", "correct_token_is_a": false, "logp_a": [-2.541776657104492, -2.7887117862701416, -2.673269271850586, -11.899485, -5.00536, -2.9232519], "logp_the": [-0.8639868497848511, -0.8011476397514343, -0.9707621335983276, -0.00052902347, -0.13825984, -0.35519785]}