{"id": 230, "sentence_nb": 20, "input_str": " Introduction This special issue provides", "correct_token_is_a": true, "logp_a": [-1.4708144664764404, -1.07866632938385, -1.4196956157684326, -3.7506385, -1.3022913, -0.73077875], "logp_the": [-3.9833600521087646, -2.6257166862487793, -3.2086055278778076, -8.893735, -5.788765, -4.5872416]}