{"id": 282, "sentence_nb": 24, "input_str": "[BEGIN] \"Bee and PuppyCat\" is a very popular original cartoon created by Natasha Allegri. In it, Bee, an out-of-work twenty-something,", "correct_token_is_a": true, "logp_a": [-0.15419018268585205, -0.06914637237787247, -0.0710747167468071], "logp_the": [-1.9456731081008911, -2.7059032917022705, -2.6793510913848877]}