{"id": 273, "sentence_nb": 23, "input_str": " NEXTEV, a relatively new start-up company which is headed by former Ford CEO Martin Leach, first bought into the original Team China Racing (TCR) team midway through the first season of the championship.\n\nSince then, the team has been re-branded and renamed to NEXTEV TCR - but TCR, through owners Steven Lu and Yu Liu, have maintained an interest in", "correct_token_is_a": false, "logp_a": [-3.6715970039367676, -4.62353515625, -5.079249382019043, -22.771637, -9.656278, -9.456403], "logp_the": [-1.2244744300842285, -0.8108674883842468, -1.08417809009552, -1.2622395e-06, -1.921338, -0.053690534]}