{"id": 258, "sentence_nb": 22, "input_str": " Frustration Mounts at Google Fiber's Slow Pace, Non-Answers You can add Salt Lake City residents to the growing list of would-be customers frustrated by the slow pace of Google Fiber's deployment. Locals in the city are frustrated by the sparse availability of", "correct_token_is_a": false, "logp_a": [-3.130872964859009, -3.9511466026306152, -4.103351593017578, -9.235007, -8.322943, -9.708531], "logp_the": [-1.576519250869751, -3.9594321250915527, -2.9340403079986572, -10.529407, -3.6554809, -2.0259767]}