{"id": 209, "sentence_nb": 18, "input_str": " Race against the tide: Artist creates intricate masterpieces... that the sea washes away within hours\n\n\n\nAdvertisement\n\nWhen artists see", "correct_token_is_a": true, "logp_a": [-2.4972646236419678, -2.160335063934326, -1.5931111574172974, -4.799578, -2.5653462, -4.379797], "logp_the": [-2.177849531173706, -1.8279300928115845, -2.1770572662353516, -3.3130088, -0.49214247, -3.7402594]}