{"id": 229, "sentence_nb": 19, "input_str": "[BEGIN] Naas Alcameth, best known for his work in Nightbringer, has had a separate project since 2009 known as Akhlys, whose second album will be soon released by Debemur Morti Productions. The new Akhlys album is entitled The Dreaming I, and", "correct_token_is_a": false, "logp_a": [-0.6080496907234192, -0.5763503909111023, -1.0611348152160645], "logp_the": [-0.7861655354499817, -0.8254119753837585, -0.4247440695762634]}