{"id": 268, "sentence_nb": 23, "input_str": " NEXTEV,", "correct_token_is_a": true, "logp_a": [-4.39923620223999, -5.140102386474609, -4.506633281707764, -2.8174236, -2.6804535, -2.7295585], "logp_the": [-4.9278645515441895, -5.119373321533203, -4.272532939910889, -2.2746348, -2.5284505, -3.4599483]}