{"id": 269, "sentence_nb": 23, "input_str": " By one measure Texas uses to identify its worst public schools,", "correct_token_is_a": false, "logp_a": [-0.9231833219528198, -1.9317656755447388, -3.222238779067993], "logp_the": [-0.5062569379806519, -0.15652768313884735, -0.040682099759578705]}