{"id": 207, "sentence_nb": 18, "input_str": " Race against", "correct_token_is_a": false, "logp_a": [-4.695963382720947, -5.2170491218566895, -5.786697864532471, -3.2103374, -4.716178, -4.2747455], "logp_the": [-2.341188907623291, -2.0532076358795166, -1.9172197580337524, -1.4788305, -1.5555717, -1.5458498]}