{"id": 256, "sentence_nb": 22, "input_str": " Frustration Mounts at Google Fiber's Slow Pace, Non-Answers You can add Salt Lake City residents to the growing list of would-be customers frustrated by the slow pace of Google Fiber's deployment. Locals in", "correct_token_is_a": false, "logp_a": [-3.672909736633301, -5.183907508850098, -4.432548522949219, -8.64326, -8.435227, -8.910048], "logp_the": [-1.4956673383712769, -1.7956857681274414, -1.0427210330963135, -1.1014014, -0.19990222, -0.7174018]}