{"id": 270, "sentence_nb": 23, "input_str": " By one measure Texas uses to identify its worst public schools, the list of campuses grew dramatically last year. As it did", "correct_token_is_a": false, "logp_a": [-0.9810006618499756, -0.643709123134613, -1.6992743015289307], "logp_the": [-0.46990081667900085, -0.7451571822166443, -0.20189116895198822]}