{"id": 242, "sentence_nb": 20, "input_str": "[BEGIN] The media has focused much attention on the supposed pregnancy", "correct_token_is_a": true, "logp_a": [-1.5144041776657104, -0.7078409790992737, -1.0260798931121826], "logp_the": [-0.24838337302207947, -0.6786661744117737, -0.4438045620918274]}