{"id": 254, "sentence_nb": 22, "input_str": " Frustration Mounts at Google Fiber's Slow Pace, Non-Answers You can add Salt Lake City residents to", "correct_token_is_a": false, "logp_a": [-2.603511333465576, -2.2520718574523926, -1.7782089710235596, -19.822126, -0.8316956, -6.0298033], "logp_the": [-1.6452077627182007, -1.0170331001281738, -0.4454358220100403, -2.2159093e-06, -1.5278883, -0.2568398]}