{"id": 228, "sentence_nb": 19, "input_str": " Naas Alcameth, best known for his work in Nightbringer, has had", "correct_token_is_a": true, "logp_a": [-0.20905841886997223, -0.05272049084305763, -0.10355918109416962], "logp_the": [-1.667850136756897, -2.9689955711364746, -2.3189446926116943]}