{"id": 293, "sentence_nb": 25, "input_str": " 214 mpg with DIY aerodynamic fairings on a Honda 125cc motorbike\n\nDutch efficiency enthusiast Allert Jacobs has converted his new Honda motorbike into a streamliner capable of getting over 200 mpg (US) cruising at 55 mph.\n\nThe Honda ANF125i Innova was pretty efficient right out of the box, since it followed", "correct_token_is_a": false, "logp_a": [-0.7979358434677124, -1.5067715644836426, -1.0383269786834717], "logp_the": [-0.5983051061630249, -0.2505459487438202, -0.4370277523994446]}