{"id": 210, "sentence_nb": 18, "input_str": " Race against the tide: Artist creates intricate masterpieces... that the sea washes away within hours\n\n\n\nAdvertisement\n\nWhen artists see a canvas, most of them want to fill it, even if it's with nothing more than", "correct_token_is_a": true, "logp_a": [-1.1299519538879395, -0.9600517749786377, -1.094651460647583, -3.1727784, -2.3176777, -1.136202], "logp_the": [-3.4048638343811035, -2.7432548999786377, -3.8406612873077393, -8.974128, -3.681149, -4.0545387]}