{"id": 283, "sentence_nb": 24, "input_str": " Individualism Reconsidered\n\nby Joe Peacott, with a bibliography by Jerry Kaplan\n\nThis pamphlet is made up of two sections. The first is an essay by Joe Peacott which argues the case for individualist anarchy,", "correct_token_is_a": true, "logp_a": [-2.9713850021362305, -3.972391128540039, -3.7173452377319336, -8.270723, -5.8466916, -4.435449], "logp_the": [-2.1188182830810547, -3.0512256622314453, -3.142439842224121, -9.129715, -7.043033, -3.7000709]}