{"id": 271, "sentence_nb": 23, "input_str": " NEXTEV, a relatively new start-up company which is headed by former Ford CEO Martin Leach, first bought into the original Team China Racing (TCR) team midway through the first season of", "correct_token_is_a": false, "logp_a": [-3.4521701335906982, -4.818694591522217, -6.19558572769165, -12.404573, -9.600795, -12.079374], "logp_the": [-0.8190200328826904, -0.7900691032409668, -0.5095506906509399, -0.0009657166, -0.20016031, -0.06792743]}