{"id": 253, "sentence_nb": 21, "input_str": "[BEGIN] Extremely proud of our youngsters! Congratulations to our junior hockey team for winning the #JuniorHockeyWorldCup. \u2014 Narendra Modi (@narendramodi) 1482083072000\n\nThe #JuniorHockeyWorldCup win augurs well for the future of Indian hockey & will", "correct_token_is_a": false, "logp_a": [-1.0706548690795898, -0.6916643381118774, -0.4916805624961853], "logp_the": [-0.41974252462387085, -0.6946321725845337, -0.945713460445404]}