{"id": 221, "sentence_nb": 19, "input_str": " Image copyright Getty Images\n\nGreek finance minister Yanis Varoufakis has called for an end to", "correct_token_is_a": false, "logp_a": [-3.2236902713775635, -2.8758959770202637, -3.553683042526245, -7.832052, -10.284146, -8.67771], "logp_the": [-3.387371301651001, -1.3426164388656616, -1.3181331157684326, -1.7254084, -3.9061015, -2.3569605]}