{"id": 282, "sentence_nb": 24, "input_str": " Individualism Reconsidered\n\nby Joe Peacott, with a bibliography by Jerry Kaplan\n\nThis pamphlet is made up of two sections. The first is an essay by Joe Peacott which argues", "correct_token_is_a": false, "logp_a": [-4.0895161628723145, -5.73135232925415, -6.467230796813965, -18.629517, -10.725528, -8.766982], "logp_the": [-2.2220568656921387, -3.608847141265869, -4.137063026428223, -14.134294, -5.199453, -5.232278]}