{"id": 211, "sentence_nb": 18, "input_str": " Race against the tide: Artist creates intricate masterpieces... that the sea washes away within hours\n\n\n\nAdvertisement\n\nWhen artists see a canvas, most of them want to fill it, even if it's with nothing more than a doodle.\n\nBut sand artist Andres Amador works with one of", "correct_token_is_a": false, "logp_a": [-4.514828205108643, -5.830339431762695, -4.534934997558594, -13.471454, -0.4727999, -6.5138154], "logp_the": [-0.68440181016922, -0.5249347686767578, -0.5655097365379333, -0.120481, -1.247585, -0.09178681]}