{"id": 281, "sentence_nb": 24, "input_str": " \"Bee and PuppyCat\" is", "correct_token_is_a": true, "logp_a": [-0.3429677486419678, -0.3785691261291504, -0.38662996888160706], "logp_the": [-1.2367064952850342, -1.154676914215088, -1.1373814344406128]}