{"id": 260, "sentence_nb": 22, "input_str": " Frustration Mounts at Google Fiber's Slow Pace, Non-Answers You can add Salt Lake City residents to the growing list of would-be customers frustrated by the slow pace of Google Fiber's deployment. Locals in the city are frustrated by the sparse availability of the service more than two years after the project was first announced. The Deseret News notes that", "correct_token_is_a": false, "logp_a": [-3.747960090637207, -3.373887777328491, -3.6645519733428955, -7.90532, -4.628587, -5.043763], "logp_the": [-1.77056884765625, -2.0769593715667725, -2.3554470539093018, -6.2458367, -2.5862317, -2.4373448]}