{"id": 272, "sentence_nb": 23, "input_str": " By one measure Texas uses to identify its worst public schools, the list of campuses grew dramatically last year. As it did the year before.\n\nThe new Public Education Grant list released Monday by the Texas Education Agency had 1,532 schools \u2014 out of", "correct_token_is_a": true, "logp_a": [-2.4656593799591064, -0.2885306775569916, -0.5680100917816162], "logp_the": [-0.08877966552972794, -1.3837531805038452, -0.8362138271331787]}