{"id": 207, "sentence_nb": 17, "input_str": "[BEGIN] Eight U.S. senators called for an investigation today after a federal climate scientist", "correct_token_is_a": true, "logp_a": [-0.04817787557840347, -0.011895906180143356, -0.005478724371641874], "logp_the": [-3.0568478107452393, -4.437501907348633, -5.209622383117676]}