{"id": 258, "sentence_nb": 22, "input_str": "[BEGIN] IRVINE \u2013 A Chinese woman", "correct_token_is_a": true, "logp_a": [-0.26320284605026245, -0.2233654409646988, -0.2470841109752655], "logp_the": [-1.4635469913482666, -1.6085506677627563, -1.519026279449463]}