{"id": 232, "sentence_nb": 20, "input_str": " Introduction This special issue provides a multidisciplinary snapshot of recent developments of the broader, arguably phenomenal, changes to", "correct_token_is_a": false, "logp_a": [-3.489226818084717, -5.525665283203125, -6.203238010406494, -10.089909, -9.271915, -9.753478], "logp_the": [-1.2618910074234009, -1.049667239189148, -1.1347107887268066, -0.02118759, -0.786309, -0.39107]}