{"id": 223, "sentence_nb": 19, "input_str": " Image copyright Getty Images\n\nGreek finance minister Yanis Varoufakis has called for an end to the \"toxic blame game\" between Greece and Germany.\n\nHe made the call as Greece prepares to finalise its list of economic reforms to present to its international creditors.\n\nThe reforms are needed to unlock", "correct_token_is_a": true, "logp_a": [-2.447747230529785, -1.5261178016662598, -2.1430206298828125, -4.685257, -2.510938, -1.2714334], "logp_the": [-1.4105558395385742, -1.2137017250061035, -2.6273345947265625, -0.0104830265, -3.5834324, -3.7469904]}