{"id": 260, "sentence_nb": 22, "input_str": "[BEGIN] IRVINE \u2013 A Chinese woman, a federal witness in an ongoing investigation into the birth tourism industry, is under arrest after trying to", "correct_token_is_a": false, "logp_a": [-1.862994909286499, -0.6201415657997131, -2.378657102584839], "logp_the": [-0.16866372525691986, -0.7719054818153381, -0.09725456684827805]}