{"id": 290, "sentence_nb": 25, "input_str": "[BEGIN] 214 mpg with DIY aerodynamic fairings", "correct_token_is_a": true, "logp_a": [-2.121704578399658, -1.2966749668121338, -1.7323384284973145], "logp_the": [-0.12763696908950806, -0.31943345069885254, -0.194641575217247]}