{"id": 252, "sentence_nb": 21, "input_str": "[BEGIN] Extremely proud of our youngsters! Congratulations to our junior hockey team for winning the #JuniorHockeyWorldCup. \u2014 Narendra Modi (@narendramodi) 1482083072000\n\nThe #JuniorHockeyWorldCup win augurs well", "correct_token_is_a": false, "logp_a": [-2.433851480484009, -3.019298791885376, -3.144237756729126], "logp_the": [-0.09178461134433746, -0.05006824806332588, -0.04405619949102402]}