{"id": 25, "sentence_nb": 2, "input_str": " A Medical Council fitness to practise inquiry has begun into", "correct_token_is_a": false, "logp_a": [-2.6762595176696777, -2.5579004287719727, -3.0259933471679688, -8.913647, -2.746597, -2.285615], "logp_the": [-1.690075397491455, -1.3881617784500122, -1.5419386625289917, -0.10578348, -0.6921092, -0.6303701]}