{"id": 284, "sentence_nb": 24, "input_str": " Individualism Reconsidered\n\nby Joe Peacott, with a bibliography by Jerry Kaplan\n\nThis pamphlet is made up of two sections. The first is an essay by Joe Peacott which argues the case for individualist anarchy, a school of anarchist thought which is generally forgotten, ignored or misrepresented among anarchists today. The second section is", "correct_token_is_a": true, "logp_a": [-2.354454278945923, -0.8608754873275757, -0.45283588767051697, -0.012436544, -0.0070623234, -0.0075290804], "logp_the": [-3.193854570388794, -2.6523566246032715, -3.3273112773895264, -6.99606, -6.409437, -8.756133]}