{"id": 2, "sentence_nb": 0, "input_str": " Early concept art for Geomon in 2011\n\nLocation-based Pok\u00e9mon \u2014 An \u201cInsider\u2019s\u201d View\n\nIvan Lee Blocked Unblock Follow Following Jul 14, 2016\n\n\u201cAre you familiar with Pok\u00e9mon? It\u2019s a game based on capturing and collecting pets from around the world. Now, imagine if these animals were mapped onto our actual surroundings \u2014 playing on", "correct_token_is_a": false, "logp_a": [-1.8039110898971558, -2.2744011878967285, -2.1953091621398926, -8.493371, -3.7849464, -1.7072765], "logp_the": [-1.433907389640808, -1.9982476234436035, -2.210026264190674, -0.0013343191, -2.5470583, -1.4536737]}