{"id": 221, "sentence_nb": 18, "input_str": " Marine mammals, closely related to whales and porpoises\n\nThis article is about the marine mammals. For other uses, see Dolphin (disambiguation)\n\nDolphin is", "correct_token_is_a": true, "logp_a": [-0.30928710103034973, -0.25800636410713196, -0.1812104433774948], "logp_the": [-1.3241462707519531, -1.4810020923614502, -1.7973333597183228]}