{"id": 231, "sentence_nb": 20, "input_str": " Introduction This special issue provides a multidisciplinary snapshot of recent developments of", "correct_token_is_a": false, "logp_a": [-3.845637321472168, -5.290446758270264, -5.139096260070801, -9.266682, -5.431189, -6.376421], "logp_the": [-1.091178059577942, -1.2143893241882324, -1.3409736156463623, -0.08644923, -1.0783634, -1.5409122]}