{"id": 259, "sentence_nb": 22, "input_str": "[BEGIN] IRVINE \u2013 A Chinese woman, a federal witness in an ongoing investigation", "correct_token_is_a": false, "logp_a": [-1.1945583820343018, -0.9174395799636841, -1.2366461753845215], "logp_the": [-0.36073705554008484, -0.5100604295730591, -0.34299236536026]}