{"id": 283, "sentence_nb": 24, "input_str": " \"Bee and PuppyCat\" is a very popular original cartoon created by Natasha Allegri. In it, Bee, an out-of-work twenty-something, has a life-changing collision with", "correct_token_is_a": true, "logp_a": [-0.8956774473190308, -0.11389955878257751, -0.09691466391086578], "logp_the": [-0.5248078107833862, -2.2288477420806885, -2.381990909576416]}