{"id": 244, "sentence_nb": 20, "input_str": "[BEGIN] The media has focused much attention on the supposed pregnancy of a 9-year-old Mexican girl, but reports now indicate that the girl could actually be 15 years old or older.\n\n\n\nSources indicate that it was \u201chighly likely\u201d that Dafne was", "correct_token_is_a": false, "logp_a": [-0.7424744963645935, -0.7598181366920471, -0.8197866082191467], "logp_the": [-0.6461390852928162, -0.6306448578834534, -0.5807576775550842]}