{"id": 27, "sentence_nb": 2, "input_str": " A Medical Council fitness to practise inquiry has begun into the care of an elderly woman, who died from cervical cancer in 2011.\n\nDr Mukhtar El Siddig Awadalla, was a locum consultant in obstetrics and gynaecology at", "correct_token_is_a": false, "logp_a": [-3.603649616241455, -4.487541675567627, -4.589066505432129, -1.118064, -3.9587126, -1.0160828], "logp_the": [-1.2150739431381226, -1.329201102256775, -1.6004343032836914, -0.67939764, -0.72217554, -0.9282745]}