{"id": 284, "sentence_nb": 24, "input_str": " \"Bee and PuppyCat\" is a very popular original cartoon created by Natasha Allegri. In it, Bee, an out-of-work twenty-something, has a life-changing collision with a mysterious creature she names PuppyCat (\"A cat?... or maybe", "correct_token_is_a": true, "logp_a": [-0.3444128930568695, -0.05550241097807884, -0.013364259153604507], "logp_the": [-1.2331830263137817, -2.9189515113830566, -4.32184362411499]}