{"id": 222, "sentence_nb": 19, "input_str": " Image copyright Getty Images\n\nGreek finance minister Yanis Varoufakis has called for an end to the \"toxic blame game\" between Greece and Germany.\n\nHe made", "correct_token_is_a": false, "logp_a": [-1.2385247945785522, -3.0193400382995605, -4.60892915725708, -20.735863, -11.5047, -11.053402], "logp_the": [-1.4866193532943726, -0.29389896988868713, -0.3084949254989624, -4.277735e-07, -0.010258141, -0.018480228]}