{"id": 208, "sentence_nb": 17, "input_str": "[BEGIN] Eight U.S. senators called for an investigation today after a federal climate scientist filed a whistleblower complaint alleging that he had been arbitrarily reassigned", "correct_token_is_a": false, "logp_a": [-1.43943190574646, -1.943951964378357, -2.131559371948242], "logp_the": [-0.2705790400505066, -0.15447746217250824, -0.1263027936220169]}