{"id": 271, "sentence_nb": 23, "input_str": "[BEGIN] By one measure Texas uses to identify its worst public schools, the list of campuses grew dramatically last year. As it did the year before.\n\nThe new Public Education Grant list released Monday", "correct_token_is_a": false, "logp_a": [-2.853379249572754, -5.068347454071045, -5.205699443817139], "logp_the": [-0.059377674013376236, -0.006312668789178133, -0.005500301718711853]}