{"id": 235, "sentence_nb": 20, "input_str": " Introduction This special issue provides a multidisciplinary snapshot of recent developments of the broader, arguably phenomenal, changes to the drug market that have occurred in the past decade related to the rise of", "correct_token_is_a": false, "logp_a": [-3.419450044631958, -4.700839042663574, -4.633939743041992, -7.7349215, -7.41804, -7.5428123], "logp_the": [-1.5312130451202393, -1.747096300125122, -2.3073482513427734, -2.4903948, -4.8658276, -2.2589881]}