{"id": 292, "sentence_nb": 25, "input_str": " Zachary Orr\u2019s short lived NFL career will probably go unnoticed by many fans that aren\u2019t connected with", "correct_token_is_a": false, "logp_a": [-2.5010952949523926, -5.221773147583008, -4.714553356170654, -17.469486, -9.948649, -8.666175], "logp_the": [-1.4029585123062134, -0.6285192966461182, -0.7940174341201782, -0.0013369455, -0.020464098, -0.22794755]}