{"id": 208, "sentence_nb": 18, "input_str": " Race against the tide: Artist creates intricate masterpieces... that", "correct_token_is_a": false, "logp_a": [-4.551337242126465, -7.065029144287109, -6.582128047943115, -7.9540296, -9.69809, -10.598647], "logp_the": [-2.9639198780059814, -5.791950225830078, -5.544461727142334, -10.314585, -6.93952, -10.231888]}