{"id": 249, "sentence_nb": 21, "input_str": " Stan Lee Confirms His Avengers Cameo, Wants To Be In Batman v Superman By Sean O'Connell Random Article Blend Guardians of the Galaxy largely is set in outer space, it was believed Stan Lee might not make the cut. This\n\n\n\nStan Lee was speaking at the London Film and Comic-Con convention (via Ant-Man and, maybe, Doctor Strange. And because he is in London for", "correct_token_is_a": false, "logp_a": [-1.8384209871292114, -2.7242112159729004, -2.817063331604004, -4.118389, -3.0282857, -2.8526168], "logp_the": [-1.3222962617874146, -1.0488572120666504, -1.225007176399231, -2.7747223, -1.7101933, -0.92048424]}