{"id": 31, "sentence_nb": 3, "input_str": " AUSTIN, Texas \u2014 If you're a runner and you can't extend your hip well behind you on your stride, Jay Dicharry has bad news: You're never going to be", "correct_token_is_a": true, "logp_a": [-2.1994781494140625, -3.7382020950317383, -2.2537808418273926, -6.4942164, -1.3819897, -0.91618335], "logp_the": [-3.1004066467285156, -4.622929573059082, -3.323521137237549, -10.495222, -4.0564275, -7.0138474]}