{"id": 348, "sentence_nb": 30, "input_str": " Members of the Nova Scotia chapter of the Canadian Council of", "correct_token_is_a": false, "logp_a": [-6.678439140319824, -4.542397499084473, -5.241041660308838], "logp_the": [-0.001258534612134099, -0.01070495042949915, -0.00530881667509675]}