{"id": 313, "sentence_nb": 27, "input_str": " national\n\nCheraman Jum'ah Masjid in Kodungallur town, in central Kerala, just 30 km north of Kochi, is not just the oldest in India and", "correct_token_is_a": false, "logp_a": [-3.3496665954589844, -3.283010959625244, -3.948204517364502, -9.013026, -4.861824, -5.4237285], "logp_the": [-1.9752893447875977, -1.409002661705017, -1.1367801427841187, -0.5502636, -0.40983704, -1.3574978]}