{"id": 331, "sentence_nb": 28, "input_str": "[BEGIN] \u2018I reject your reality and substitute my own\u2019 \u2013 a quote made semi-famous by Adam Savage from the TV series, Mythbusters, and obviously meant as a joke at the time. But it seems that this one-liner has caught on with some of the world\u2019s most powerful. Donald Trump, working tirelessly to", "correct_token_is_a": false, "logp_a": [-1.7558584213256836, -2.046234130859375, -2.1070973873138428], "logp_the": [-0.18965905904769897, -0.13836660981178284, -0.12964226305484772]}