{"id": 330, "sentence_nb": 28, "input_str": "[BEGIN] \u2018I reject your reality and substitute my own\u2019 \u2013 a quote made semi-famous by Adam Savage from the TV series, Mythbusters, and obviously meant as a joke at the time. But it seems that this one-liner has caught on with some", "correct_token_is_a": false, "logp_a": [-5.4179487228393555, -6.050995826721191, -6.288149356842041], "logp_the": [-0.0044461446814239025, -0.0023582761641591787, -0.0018599607283249497]}