{"id": 301, "sentence_nb": 26, "input_str": " Welcome to", "correct_token_is_a": false, "logp_a": [-3.338036060333252, -4.55389404296875, -4.751479148864746, -4.601922, -5.5977955, -5.5113287], "logp_the": [-1.18413507938385, -1.326717495918274, -1.3957204818725586, -1.2027287, -1.3545903, -0.8523695]}