{"id": 328, "sentence_nb": 29, "input_str": " Gather round, gather round!\n\nI have found, with help, quite possibly", "correct_token_is_a": false, "logp_a": [-2.047487258911133, -3.38651704788208, -4.837222576141357, -7.271335, -6.313203, -6.0877557], "logp_the": [-2.7218446731567383, -0.8781858682632446, -0.3258628845214844, -5.5689054, -0.02329103, -0.26240227]}