{"id": 312, "sentence_nb": 27, "input_str": " Under the U.S. Constitution, Congress, not the president, creates the laws. Article I of", "correct_token_is_a": false, "logp_a": [-4.2128472328186035, -7.836361408233643, -4247298.0], "logp_the": [-0.014914789237082005, -0.00039521988946944475, -4247290.0]}