{"id": 377, "sentence_nb": 34, "input_str": " Well, how did we do? We knew this attack was coming and we can be pretty certain more will follow because the security forces tell us so. \u201cHighly likely\u201d has been the severe threat level for years.\n\nEight have now been arrested in raids in Birmingham and London. Our counter-terror forces have stopped", "correct_token_is_a": true, "logp_a": [-3.765347719192505, -3.175412178039551, -2.7232213020324707, -3.7425902, -2.3104944, -1.4097612], "logp_the": [-3.0418264865875244, -2.7108888626098633, -2.7594990730285645, -10.676924, -1.5444647, -5.1897016]}