{"id": 359, "sentence_nb": 31, "input_str": " Dutch Internet service providers Ziggo and XS4ALL have been ordered to block The Pirate Bay. A ruling handed down today by The Court of The Hague compels the ISPs to block", "correct_token_is_a": false, "logp_a": [-3.3026740550994873, -3.158478260040283, -3.4311540126800537], "logp_the": [-0.0374782457947731, -0.043419480323791504, -0.0328843854367733]}