{"id": 341, "sentence_nb": 30, "input_str": " The Miami man dubbed \"Florida's Dirtiest Cop\" is out of a job again -- and blames a \"witch hunt\" for his trouble.\n\nSgt. German Bosque was officially fired as of Wednesday, according to", "correct_token_is_a": true, "logp_a": [-1.919008731842041, -1.8383948802947998, -1.8552703857421875, -0.58494246, -1.3675506, -2.640399], "logp_the": [-1.754946231842041, -1.613671064376831, -1.3171920776367188, -2.6014915, -1.1719806, -0.68164384]}