{"id": 331, "sentence_nb": 29, "input_str": " Gather round, gather round!\n\nI have found, with help, quite possibly the best example of media hypocrisy that exists on the internet.\n\nModern warfare and \"crowded skies\" they wrote, have made the stage \"conducive\" to accidents like this\n\nI bring you, dear readers,", "correct_token_is_a": true, "logp_a": [-4.272007465362549, -2.0101099014282227, -1.9153780937194824, -0.0423836, -2.2708797, -1.9702482], "logp_the": [-4.24765682220459, -1.6304559707641602, -1.37709379196167, -6.0329175, -0.2780609, -0.7862768]}