{"id": 305, "sentence_nb": 26, "input_str": " Welcome to the latest edition of The Sunday Recap, a weekly column dedicated to thoughts on the previous day\u2019s NFL action! Here are my top takeaways from yesterday\u2019s games.\n\nJared Goff and Rams deliver statement of intent\n\nThe Los Angeles Rams were undoubtedly the biggest winners of Week 4. I said during our latest Check Down radio broadcast that their upcoming matchup with", "correct_token_is_a": false, "logp_a": [-3.4911251068115234, -5.901531219482422, -5.991875171661377, -9.549524, -12.076593, -10.66717], "logp_the": [-0.8478708863258362, -0.12531648576259613, -0.13050107657909393, -0.19749565, -0.8479853, -0.0020435012]}