{"id": 376, "sentence_nb": 32, "input_str": " (New York, NY) --Speaking before a packed auditorium Donald Trump revealed the secret economic plan behind his \"Make America Great Again\" initiative. \"It's no secret that the Average American is earning less today than they were before", "correct_token_is_a": false, "logp_a": [-2.1312694549560547, -4.273002624511719, -5.4388556480407715], "logp_the": [-0.12634187936782837, -0.01403791643679142, -0.004353925585746765]}