{"id": 347, "sentence_nb": 30, "input_str": "[BEGIN] Members of the Nova Scotia chapter", "correct_token_is_a": false, "logp_a": [-5.120887279510498, -4.719534397125244, -4.868177890777588], "logp_the": [-0.005988630931824446, -0.008959331549704075, -0.007717081345617771]}