{"id": 385, "sentence_nb": 33, "input_str": " Netflix continues to be the biggest hog of Internet bandwidth in North America, with its video traffic jumping more than 35% in March from a year earlier, according to", "correct_token_is_a": true, "logp_a": [-0.6433067321777344, -0.658075213432312, -0.3113318681716919], "logp_the": [-0.7456026077270508, -0.7294939756393433, -1.3185263872146606]}