{"id": 387, "sentence_nb": 35, "input_str": " Recently, Mayor Steve Bach's been walking around, dropping heavy-handed hints about what he plans to recommend Colorado Springs City Council do about recreational marijuana at its May 28 meeting.\n\nIt started at his May 14 press conference, when he called recreational marijuana a \"public-safety issue\" and compared retail outlets to adult bookstores (see here), and continued at", "correct_token_is_a": true, "logp_a": [-2.390638828277588, -2.4468607902526855, -1.7771238088607788, -4.614697, -2.0973923, -0.4510589], "logp_the": [-1.0178712606430054, -1.7327114343643188, -1.5997480154037476, -0.106609225, -3.3341734, -2.3021111]}