{"id": 36, "sentence_nb": 3, "input_str": " AUSTIN, Texas \u2014 If you're a runner and you can't extend your hip well behind you on your stride, Jay Dicharry has bad news: You're never going to be a great runner.\n\n[bug id=\"sxsw2012\"]This doesn't mean you should hang up your shoes. You can still run, and run well, but not everyone can attain the ideal stride needed to be a truly great runner.\n\nDicharry is the director of the Speed Performance Clinic and", "correct_token_is_a": false, "logp_a": [-2.7376229763031006, -1.828956127166748, -2.505955219268799, -0.66536653, -1.4938213, -0.88297945], "logp_the": [-2.047589063644409, -1.6518702507019043, -2.227856159210205, -2.7972646, -2.4415665, -1.6271182]}