{"id": 330, "sentence_nb": 29, "input_str": " Gather round, gather round!\n\nI have found, with help, quite possibly the best example of media hypocrisy that exists on the internet.\n\nModern warfare and \"crowded skies\" they wrote, have made", "correct_token_is_a": false, "logp_a": [-1.4062020778656006, -3.2274951934814453, -3.780463695526123, -7.4462876, -3.915346, -4.072512], "logp_the": [-2.138566732406616, -2.032602310180664, -2.3810038566589355, -4.025038, -2.0331047, -1.61276]}