{"id": 313, "sentence_nb": 27, "input_str": "[BEGIN] Under the U.S. Constitution, Congress, not the president, creates the laws. Article I of the Constitution grants enumerated legislative powers to Congress. The Constitution", "correct_token_is_a": false, "logp_a": [-0.962677001953125, -1.4267915487289429, -1.4847795963287354], "logp_the": [-0.48105525970458984, -0.27453938126564026, -0.2568972408771515]}