{"id": 358, "sentence_nb": 31, "input_str": " Dutch Internet service providers Ziggo and XS4ALL have been ordered to block The Pirate Bay. A ruling handed down today by The Court of The Hague compels", "correct_token_is_a": false, "logp_a": [-1.01951265335083, -3.398054361343384, -4.763777256011963], "logp_the": [-0.4474921226501465, -0.03401005640625954, -0.008569964207708836]}