{"id": 320, "sentence_nb": 28, "input_str": " The summer speed slowdown will be", "correct_token_is_a": true, "logp_a": [-2.3409464359283447, -2.8776450157165527, -2.5208184719085693, -7.0462646, -2.3653867, -1.8502474], "logp_the": [-3.38368821144104, -3.0725760459899902, -2.845174551010132, -6.5897584, -3.065664, -3.1993024]}