{"id": 311, "sentence_nb": 27, "input_str": "[BEGIN] Under the U.S. Constitution, Congress, not the president,", "correct_token_is_a": false, "logp_a": [-0.0740225613117218, -1.4159395694732666, -2.6970458030700684], "logp_the": [-2.640167474746704, -0.27799248695373535, -0.06978359818458557]}