{"id": 397, "sentence_nb": 36, "input_str": " Tribulation / Photo courtesy of the artist\n\nDeath metal officially became 30 years old this year, with Possessed\u2019s landmark Seven Churches reaching that milestone on October 16. It\u2019s hard to believe that", "correct_token_is_a": true, "logp_a": [-2.6538314819335938, -2.9741945266723633, -2.8869996070861816, -9.034774, -0.9392414, -2.3740625], "logp_the": [-1.8373173475265503, -2.270413398742676, -2.1799302101135254, -5.8152823, -1.5128738, -2.130518]}