{"id": 324, "sentence_nb": 28, "input_str": " The summer speed slowdown will be a failure if it leads to a big increase in tickets, the AA says.\n\n\n\nPolice have announced from December 1 to January 31 they will have a tolerance of 4kmh above", "correct_token_is_a": false, "logp_a": [-3.3047852516174316, -4.777029514312744, -5.583431243896484, -14.35028, -10.706138, -12.965087], "logp_the": [-1.5584379434585571, -0.6966080069541931, -0.6063080430030823, -4.9427246e-05, -0.011096265, -0.001209946]}