{"id": 392, "sentence_nb": 34, "input_str": "[BEGIN] Drugs and agrichemicals can be easily improved", "correct_token_is_a": false, "logp_a": [-1.331088900566101, -0.7539250254631042, -0.7707733511924744], "logp_the": [-0.30678263306617737, -0.6358525156974792, -0.6211151480674744]}