{"id": 321, "sentence_nb": 28, "input_str": " The summer speed slowdown will be a failure if it leads to", "correct_token_is_a": true, "logp_a": [-2.227336883544922, -1.6121349334716797, -1.549695372581482, -3.2768178, -1.4066005, -3.0057902], "logp_the": [-2.9390029907226562, -3.115629196166992, -2.9553771018981934, -9.649035, -2.6119733, -4.9887877]}