{"id": 322, "sentence_nb": 28, "input_str": " The summer speed slowdown will be a failure if it leads to a big increase in tickets,", "correct_token_is_a": false, "logp_a": [-2.6533684730529785, -3.999002456665039, -3.977459192276001, -8.638219, -5.603346, -3.7754781], "logp_the": [-2.6577553749084473, -3.0459537506103516, -3.0277369022369385, -10.679967, -3.140313, -2.2529647]}