{"id": 301, "sentence_nb": 26, "input_str": " Tom Penn recaps the Timberwolves' roster changes, which include the additions of Jimmy Butler, Jeff Teague and now Taj Gibson. (1:12)\n\nWhen Tom Thibodeau came back to the NBA as head coach and president of the Minnesota Timberwolves after", "correct_token_is_a": true, "logp_a": [-1.7142239809036255, -0.5389904975891113, -1.3120404481887817], "logp_the": [-0.19857706129550934, -0.8754773139953613, -0.3137113153934479]}