{"id": 358, "sentence_nb": 32, "input_str": " In \u201cLooking For Eric,\u201d Cantona is not just actor but co-producer and part-financier.\n\nThe film is based on an incident in his career: a fan so smitten by Cantona that he committed apostasy and transferred his allegiance from Leeds United to Manchester United.\n\n\u201cIt is not about me and it\u2019s not about football,\u201d he said. \u201cAll the same,", "correct_token_is_a": true, "logp_a": [-4.758845806121826, -5.672248840332031, -6.056660175323486, -10.499552, -6.1394553, -6.268796], "logp_the": [-3.0133280754089355, -3.7375643253326416, -4.160233020782471, -6.585187, -3.6983821, -2.4049644]}