{"id": 364, "sentence_nb": 33, "input_str": " Pianist Yuja Wang\u2019s dress at", "correct_token_is_a": true, "logp_a": [-3.6412646770477295, -2.386610984802246, -2.8554201126098633, -3.2153869, -4.073124, -5.9734974], "logp_the": [-1.709404706954956, -0.968379020690918, -0.6921356916427612, -0.23096803, -0.2683835, -0.059977412]}