{"id": 376, "sentence_nb": 34, "input_str": " Well, how did we do? We knew this attack was coming and we can be pretty certain more will follow because the security forces tell us so. \u201cHighly likely\u201d has been", "correct_token_is_a": false, "logp_a": [-2.176701068878174, -3.0339996814727783, -3.4079034328460693, -10.692624, -3.8495314, -3.8426032], "logp_the": [-2.804840564727783, -3.0043976306915283, -1.7393929958343506, -7.3038297, -0.9451089, -1.838499]}