{"id": 386, "sentence_nb": 35, "input_str": " Recently, Mayor Steve Bach's been walking around, dropping heavy-handed hints about what he plans to recommend Colorado Springs City Council do about recreational marijuana at its May 28 meeting.\n\nIt started at his May 14 press conference, when he called recreational marijuana", "correct_token_is_a": true, "logp_a": [-3.807887554168701, -0.9052923917770386, -1.8352669477462769, -1.7416512, -1.3736119, -1.458685], "logp_the": [-5.408783912658691, -3.3546714782714844, -2.8358774185180664, -10.009939, -5.8433056, -7.157834]}