{"id": 329, "sentence_nb": 28, "input_str": " \u2018I reject your reality and substitute my own\u2019 \u2013 a quote made semi-famous by Adam Savage from the TV series, Mythbusters, and obviously meant as a joke at", "correct_token_is_a": false, "logp_a": [-1.6758203506469727, -2.257678508758545, -3.2392759323120117], "logp_the": [-0.20721429586410522, -0.11047691106796265, -0.039980918169021606]}