{"id": 33, "sentence_nb": 3, "input_str": " AUSTIN, Texas \u2014 If you're a runner and you can't extend your hip well behind you on your stride, Jay Dicharry has bad news: You're never going to be a great runner.\n\n[bug id=\"sxsw2012\"]This doesn't mean you should hang up your shoes. You can still run, and run well, but not everyone can attain the ideal stride needed to be", "correct_token_is_a": true, "logp_a": [-1.6549290418624878, -0.8560927510261536, -0.8338466882705688, -0.2522873, -0.058893345, -0.75810504], "logp_the": [-3.1760663986206055, -3.447736978530884, -3.6784205436706543, -13.524761, -9.080559, -3.0835862]}