{"id": 384, "sentence_nb": 33, "input_str": "[BEGIN] Netflix continues to be the biggest hog of Internet bandwidth in North America, with its video traffic jumping more than 35% in March", "correct_token_is_a": true, "logp_a": [-1.72894287109375, -0.4478331506252289, -0.5748279094696045], "logp_the": [-0.19537262618541718, -1.0189086198806763, -0.8273684978485107]}