{"id": 333, "sentence_nb": 29, "input_str": " Gather round, gather round!\n\nI have found, with help, quite possibly the best example of media hypocrisy that exists on the internet.\n\nModern warfare and \"crowded skies\" they wrote, have made the stage \"conducive\" to accidents like this\n\nI bring you, dear readers, a New York Times editorial from September 2, 1983. For it was on this day that the editors decided it was time to sound off on an incident which saw", "correct_token_is_a": false, "logp_a": [-1.8113813400268555, -1.7041313648223877, -1.442462682723999, -2.2092593, -0.64874244, -0.7710604], "logp_the": [-1.573251724243164, -1.5922081470489502, -2.0177114009857178, -2.5595913, -3.2212598, -2.3198998]}