{"id": 323, "sentence_nb": 28, "input_str": " The summer speed slowdown will be a failure if it leads to a big increase in tickets, the AA says.\n\n\n\nPolice have announced from December 1 to January 31 they will have", "correct_token_is_a": true, "logp_a": [-1.7347160577774048, -2.7897887229919434, -2.340242862701416, -0.029918415, -0.41478932, -0.03750149], "logp_the": [-2.1317925453186035, -3.8448119163513184, -4.724268436431885, -13.442882, -4.809537, -7.2806406]}