{"id": 304, "sentence_nb": 26, "input_str": " Welcome to the latest edition of The Sunday Recap, a weekly column dedicated to thoughts on the previous day\u2019s NFL action! Here are my top takeaways from yesterday\u2019s games.\n\nJared Goff and Rams deliver statement of intent\n\nThe Los Angeles Rams were undoubtedly", "correct_token_is_a": false, "logp_a": [-3.3139965534210205, -2.8440752029418945, -3.201202630996704, -2.0818803, -4.001043, -3.7662444], "logp_the": [-2.4502594470977783, -1.3219271898269653, -1.1139376163482666, -0.31601018, -0.63466614, -0.3251664]}