{"id": 393, "sentence_nb": 34, "input_str": "[BEGIN] Drugs and agrichemicals can be easily improved using the new process and pharma is already making use of it\n\nInserting fluorine atoms directly and simply into various organic substrates including heteroaromatic rings is now possible thanks", "correct_token_is_a": true, "logp_a": [-0.7692661881446838, -0.8293236494064331, -0.6205964088439941], "logp_the": [-0.6224146485328674, -0.5733116865158081, -0.7713761329650879]}