{"id": 370, "sentence_nb": 33, "input_str": " Pianist Yuja Wang\u2019s dress at a concert this month at the Hollywood Bowl has given rise to considerable attention.\n\nShould critics review the dress? Should we comment on how classical stars look?\n\nOn the one hand, appearance has no bearing on how an artist sounds.\n\nOn the other hand, appearance sends a message. Christoph Eschenbach\u2019s Nehru-style jackets are", "correct_token_is_a": true, "logp_a": [-3.123297691345215, -2.3093438148498535, -2.617908477783203, -8.380953, -3.9771519, -2.0582082], "logp_the": [-3.3277692794799805, -3.3115639686584473, -4.230754852294922, -12.56628, -6.172874, -6.875953]}