{"id": 367, "sentence_nb": 33, "input_str": " Pianist Yuja Wang\u2019s dress at a concert this month at the Hollywood Bowl has given rise to considerable attention.\n\nShould critics review the dress? Should we comment on how classical stars look?\n\nOn", "correct_token_is_a": false, "logp_a": [-3.4824893474578857, -2.734894275665283, -3.407062292098999, -8.368, -6.1518154, -6.8626223], "logp_the": [-1.1916921138763428, -1.822334885597229, -1.3540685176849365, -0.26102862, -0.4210017, -0.2611875]}