{"id": 303, "sentence_nb": 26, "input_str": " Welcome to the latest edition of The Sunday Recap, a weekly column dedicated to thoughts on", "correct_token_is_a": false, "logp_a": [-3.64253568649292, -3.7638821601867676, -4.107054233551025, -15.496246, -9.938108, -8.286258], "logp_the": [-0.9112209677696228, -1.1967968940734863, -0.4720674753189087, -0.009045398, -0.014476177, -0.06978512]}