{"id": 373, "sentence_nb": 32, "input_str": " (New York, NY) --Speaking before", "correct_token_is_a": true, "logp_a": [-1.7955429553985596, -1.01210618019104, -1.0186452865600586], "logp_the": [-0.181566521525383, -0.45169657468795776, -0.4479818344116211]}