{"id": 346, "sentence_nb": 30, "input_str": " Members of", "correct_token_is_a": false, "logp_a": [-3.065300464630127, -2.9434971809387207, -2.945279598236084], "logp_the": [-0.04776246100664139, -0.0541195347905159, -0.05402049049735069]}