{"id": 360, "sentence_nb": 31, "input_str": " Dutch Internet service providers Ziggo and XS4ALL have been ordered to block The Pirate Bay. A ruling handed down today by The Court of The Hague compels the ISPs to block the infamous site within 10 days or face significant fines. The blocks will remain in place pending", "correct_token_is_a": true, "logp_a": [-0.8574508428573608, -1.0842490196228027, -1.1592692136764526], "logp_the": [-0.5520681142807007, -0.41272491216659546, -0.37646281719207764]}