{"id": 32, "sentence_nb": 3, "input_str": " AUSTIN, Texas \u2014 If you're a runner and you can't extend your hip well behind you on your stride, Jay Dicharry has bad news: You're never going to be a great runner.\n\n[bug id=\"sxsw2012\"]This doesn't mean you should hang up your shoes. You can still run, and run well, but not everyone can attain", "correct_token_is_a": false, "logp_a": [-1.7932542562484741, -2.267037868499756, -2.7277231216430664, -15.024107, -5.1229057, -4.97306], "logp_the": [-2.6323800086975098, -1.3257309198379517, -1.2910014390945435, -6.814395e-05, -0.08672273, -0.09764123]}