{"id": 35, "sentence_nb": 3, "input_str": " AUSTIN, Texas \u2014 If you're a runner and you can't extend your hip well behind you on your stride, Jay Dicharry has bad news: You're never going to be a great runner.\n\n[bug id=\"sxsw2012\"]This doesn't mean you should hang up your shoes. You can still run, and run well, but not everyone can attain the ideal stride needed to be a truly great runner.\n\nDicharry is the director of", "correct_token_is_a": false, "logp_a": [-4.0503339767456055, -4.156113624572754, -5.221499443054199, -9.530227, -7.554431, -9.119871], "logp_the": [-0.8945663571357727, -1.0746010541915894, -1.1665446758270264, -2.7518404, -2.0607991, -1.1831834]}