{"id": 314, "sentence_nb": 27, "input_str": "[BEGIN] Under the U.S. Constitution, Congress, not the president, creates the laws. Article I of the Constitution grants enumerated legislative powers to Congress. The Constitution assigns the", "correct_token_is_a": false, "logp_a": [-1.5060014724731445, -1.7571847438812256, -1.2563645839691162], "logp_the": [-0.2507653832435608, -0.18938231468200684, -0.33503514528274536]}