{"id": 348, "sentence_nb": 31, "input_str": " I am waiting for my case to come up\n\n\n\nand I am waiting\n\n\n\nfor a rebirth of wonder\n\n\n\nand I am waiting for someone\n\n\n\nto really discover America\n\n\n\nand wail\n\n\n\nand I am waiting\n\n\n\nfor", "correct_token_is_a": false, "logp_a": [-0.8386746048927307, -1.3148168325424194, -1.9048494100570679, -4.109476, -1.1997219, -1.4284039], "logp_the": [-2.55322265625, -2.179227352142334, -2.059230327606201, -0.04998156, -1.1574044, -0.90708613]}