{"id": 312, "sentence_nb": 27, "input_str": " national\n\nCheraman Jum'ah Masjid in Kodungallur town, in central Kerala, just 30 km north of Kochi, is not just", "correct_token_is_a": false, "logp_a": [-1.2256715297698975, -0.8263697028160095, -0.6268409490585327, -0.0009279501, -0.20655327, -0.4298309], "logp_the": [-2.488637685775757, -2.471625804901123, -2.733229160308838, -12.9909315, -3.6872764, -2.5020971]}