{"id": 375, "sentence_nb": 32, "input_str": " (New York, NY) --Speaking before a packed auditorium Donald Trump revealed the secret economic plan behind his \"Make America Great Again\" initiative. \"It's no secret that", "correct_token_is_a": false, "logp_a": [-2.034315347671509, -2.6445415019989014, -2.8851706981658936], "logp_the": [-0.14014746248722076, -0.07368729263544083, -0.057465218007564545]}