{"id": 328, "sentence_nb": 28, "input_str": "[BEGIN] \u2018I reject your reality and substitute my own\u2019 \u2013 a quote made semi-famous by Adam Savage from the TV series, Mythbusters, and obviously meant", "correct_token_is_a": true, "logp_a": [-0.26680490374565125, -0.026639560237526894, -0.00925004668533802], "logp_the": [-1.4516756534576416, -3.6386466026306152, -4.687743663787842]}