{"id": 339, "sentence_nb": 30, "input_str": " The Miami man dubbed \"Florida's Dirtiest Cop\" is out of", "correct_token_is_a": true, "logp_a": [-2.4780545234680176, -4.322815895080566, -3.871473789215088, -0.041040543, -1.9425594, -0.12215779], "logp_the": [-1.1454108953475952, -2.5170984268188477, -4.88811731338501, -7.632997, -3.769639, -3.9562175]}