{"id": 314, "sentence_nb": 27, "input_str": " national\n\nCheraman Jum'ah Masjid in Kodungallur town, in central Kerala, just 30 km north of Kochi, is not just the oldest in India and the subcontinent but one built during", "correct_token_is_a": false, "logp_a": [-2.2468438148498535, -2.3591232299804688, -2.7965521812438965, -10.1049595, -4.5249186, -2.9996333], "logp_the": [-0.8263365030288696, -0.4524535834789276, -0.5052820444107056, -0.0074495715, -0.03770771, -0.11302405]}