{"id": 374, "sentence_nb": 32, "input_str": " (New York, NY) --Speaking before a packed auditorium Donald Trump revealed", "correct_token_is_a": false, "logp_a": [-0.8800168633460999, -0.5974981784820557, -0.6594446897506714], "logp_the": [-0.5357604622840881, -0.7989218235015869, -0.7280253171920776]}