{"id": 33, "sentence_nb": 2, "input_str": " A small airplane landed in the center of Interstate 4 in Seminole County on Friday afternoon, closing several lanes, according to the Florida Highway Patrol.\n\nEmergency vehicles responded to", "correct_token_is_a": false, "logp_a": [-0.3691137731075287, -1.576559066772461, -1.7035385370254517], "logp_the": [-1.1755369901657104, -0.23153500258922577, -0.20093974471092224]}