{"id": 399, "sentence_nb": 36, "input_str": " Tribulation / Photo courtesy of the artist\n\nDeath metal officially became 30 years old this year, with Possessed\u2019s landmark Seven Churches reaching that milestone on October 16. It\u2019s hard to believe that a genre invented by high school students is still around today, but in three decades of existence the style has evolved to create countless distinct regional scenes and merged with every subgenre under", "correct_token_is_a": false, "logp_a": [-2.418613910675049, -3.666447162628174, -5.505767822265625, -19.261707, -8.948453, -14.512798], "logp_the": [-0.9573655128479004, -0.366512656211853, -0.042640600353479385, -3.170517e-06, -0.020005431, -6.6949986e-05]}