{"id": 375, "sentence_nb": 34, "input_str": " Well, how did we do? We knew this attack was coming and we can be pretty certain more will follow because", "correct_token_is_a": false, "logp_a": [-3.721109390258789, -5.084707736968994, -5.415258407592773, -14.497458, -5.9762197, -6.998133], "logp_the": [-2.4762935638427734, -2.546835422515869, -2.3512017726898193, -8.85879, -2.467432, -2.0060923]}