{"id": 365, "sentence_nb": 33, "input_str": " Pianist Yuja Wang\u2019s dress at a concert this month at", "correct_token_is_a": false, "logp_a": [-1.579559326171875, -4.090463638305664, -4.090539932250977, -11.050323, -5.5105543, -8.206257], "logp_the": [-1.1135807037353516, -0.9697740077972412, -0.8861753940582275, -0.024881197, -0.22144698, -1.2537259]}