{"id": 300, "sentence_nb": 26, "input_str": " Tom Penn recaps the Timberwolves' roster changes, which include the additions of Jimmy Butler, Jeff Teague and now Taj Gibson. (1:12)\n\nWhen Tom Thibodeau came back to the NBA as head coach and president of", "correct_token_is_a": false, "logp_a": [-4.527164936065674, -6.452821731567383, -445941.3125], "logp_the": [-0.010870170779526234, -0.0015773248160257936, -445934.0625]}