{"id": 349, "sentence_nb": 31, "input_str": " I am waiting for my case to come up\n\n\n\nand I am waiting\n\n\n\nfor a rebirth of wonder\n\n\n\nand I am waiting for someone\n\n\n\nto really discover America\n\n\n\nand wail\n\n\n\nand I am waiting\n\n\n\nfor the discovery\n\n\n\nof", "correct_token_is_a": true, "logp_a": [-3.4265294075012207, -2.1739048957824707, -2.723822593688965, -6.353669, -1.1282699, -1.0253285], "logp_the": [-1.3215125799179077, -1.8806003332138062, -1.8589543104171753, -2.7482648, -2.1230924, -1.6824605]}