{"id": 350, "sentence_nb": 31, "input_str": " I am waiting for my case to come up\n\n\n\nand I am waiting\n\n\n\nfor a rebirth of wonder\n\n\n\nand I am waiting for someone\n\n\n\nto really discover America\n\n\n\nand wail\n\n\n\nand I am waiting\n\n\n\nfor the discovery\n\n\n\nof a new symbolic western frontier\n\n\n\nand I am waiting\n\n\n\nfor", "correct_token_is_a": false, "logp_a": [-1.3233712911605835, -1.3648992776870728, -1.7785834074020386, -0.9750514, -1.0325887, -1.5125763], "logp_the": [-1.2534927129745483, -1.1733633279800415, -1.0544203519821167, -2.0494158, -0.8336273, -0.82032037]}