{"id": 315, "sentence_nb": 27, "input_str": " Under the U.S. Constitution, Congress, not the president, creates the laws. Article I of the Constitution grants enumerated legislative powers to Congress. The Constitution assigns the executive the duty to enforce", "correct_token_is_a": false, "logp_a": [-2.11871075630188, -3.896775245666504, -4.292753219604492], "logp_the": [-0.12804535031318665, -0.020516324788331985, -0.013761524111032486]}