{"id": 302, "sentence_nb": 26, "input_str": " Welcome to the latest edition of The Sunday Recap,", "correct_token_is_a": true, "logp_a": [-3.575181722640991, -2.169736862182617, -1.878420352935791, -6.622782, -0.8359393, -1.218186], "logp_the": [-2.4347951412200928, -2.849813461303711, -1.9542107582092285, -2.4790444, -4.3937907, -4.176582]}