{"id": 349, "sentence_nb": 30, "input_str": " Members of the Nova Scotia chapter of the Canadian Council of the Blind want Halifax Regional Council to limit where and when people can use Segways on city streets.\n\nAs of May 2016, provincial legislation allows", "correct_token_is_a": false, "logp_a": [-1.8723671436309814, -1.4521234035491943, -1.775723934173584], "logp_the": [-0.16695144772529602, -0.26666802167892456, -0.1855597347021103]}