{"id": 356, "sentence_nb": 32, "input_str": " In \u201cLooking For Eric,\u201d Cantona is not just actor but co-producer and part-financier.\n\nThe film is based on an incident in his career:", "correct_token_is_a": true, "logp_a": [-2.1339855194091797, -2.764681816101074, -2.989450216293335, -5.4899893, -1.6348794, -4.221089], "logp_the": [-2.541806221008301, -3.8159360885620117, -3.200731039047241, -8.194553, -2.7334378, -4.557368]}