{"id": 30, "sentence_nb": 3, "input_str": " AUSTIN, Texas \u2014 If you're", "correct_token_is_a": true, "logp_a": [-2.9703457355499268, -1.615942358970642, -1.7802220582962036, -6.121054, -1.725895, -1.8504419], "logp_the": [-5.271836280822754, -3.748732089996338, -4.172517776489258, -8.246063, -5.0008225, -4.7972136]}