{"id": 347, "sentence_nb": 31, "input_str": " I am waiting for my case to come up\n\n\n\nand I am waiting\n\n\n\nfor", "correct_token_is_a": true, "logp_a": [-4.541574954986572, -3.1576294898986816, -2.458369731903076, -9.966569, -2.707814, -3.7847009], "logp_the": [-3.319000720977783, -2.471163272857666, -1.9347262382507324, -0.948886, -1.8248955, -0.6623408]}