{"id": 329, "sentence_nb": 29, "input_str": " Gather round, gather round!\n\nI have found, with help, quite possibly the best example of media hypocrisy that exists on", "correct_token_is_a": false, "logp_a": [-3.2831315994262695, -3.1304144859313965, -4.616288661956787, -14.255725, -6.6054373, -6.5534844], "logp_the": [-1.211389422416687, -0.845487117767334, -0.7230088114738464, -2.6529746, -0.48880124, -0.0102252625]}