{"id": 3, "sentence_nb": 0, "input_str": " Early concept art for Geomon in 2011\n\nLocation-based Pok\u00e9mon \u2014 An \u201cInsider\u2019s\u201d View\n\nIvan Lee Blocked Unblock Follow Following Jul 14, 2016\n\n\u201cAre you familiar with Pok\u00e9mon? It\u2019s a game based on capturing and collecting pets from around the world. Now, imagine if these animals were mapped onto our actual surroundings \u2014 playing on the beach, you could find", "correct_token_is_a": true, "logp_a": [-1.621227741241455, -2.2256603240966797, -1.763224482536316, -3.5355651, -2.0838172, -0.09634546], "logp_the": [-2.8676018714904785, -3.4752864837646484, -2.9469709396362305, -5.209403, -4.502346, -8.052782]}