{"id": 339, "sentence_nb": 29, "input_str": " Koibu0 Profile Blog Joined December 2010 United States 513 Posts #1\n\n\n\nNASL Finals 2\n\nFirst off, holy shit. Wow. This blog is not about which tournament is better, or even good, it's about getting involved, but I have to say this was", "correct_token_is_a": true, "logp_a": [-0.345994234085083, -0.788851797580719, -1.2740180492401123], "logp_the": [-1.2293474674224854, -0.605807363986969, -0.32809513807296753]}