{"id": 366, "sentence_nb": 33, "input_str": " Pianist Yuja Wang\u2019s dress at a concert this month at the Hollywood Bowl has given rise to considerable attention.\n\nShould critics review", "correct_token_is_a": false, "logp_a": [-2.5564634799957275, -4.319806098937988, -4.050446033477783, -8.839837, -5.7882657, -1.6720746], "logp_the": [-1.3100502490997314, -1.1776094436645508, -1.0165334939956665, -0.021833135, -0.7897664, -0.7609951]}