{"id": 396, "sentence_nb": 36, "input_str": " Tribulation / Photo courtesy of", "correct_token_is_a": false, "logp_a": [-5.314335346221924, -6.347850799560547, -6.116840839385986, -7.4982214, -6.9232154, -7.2602005], "logp_the": [-2.533632755279541, -3.064136505126953, -2.6032261848449707, -3.789071, -3.2988746, -3.3166933]}