{"id": 340, "sentence_nb": 30, "input_str": " The Miami man dubbed \"Florida's Dirtiest Cop\" is out of a job again -- and blames", "correct_token_is_a": true, "logp_a": [-3.226527214050293, -2.805473566055298, -2.615635871887207, -5.8464403, -3.0729077, -3.2923305], "logp_the": [-1.4056082963943481, -1.2928545475006104, -1.59544837474823, -0.8127573, -0.6258578, -1.1894578]}