{"id": 309, "sentence_nb": 27, "input_str": "[BEGIN]", "correct_token_is_a": false, "logp_a": [-1.3873456716537476, -2.2462639808654785, -2.3664727210998535], "logp_the": [-0.2873319089412689, -0.11181880533695221, -0.09850747883319855]}