{"id": 479, "sentence_nb": 45, "input_str": " \u201cIt\u2019s a solution looking for", "correct_token_is_a": true, "logp_a": [-1.9755160808563232, -1.8745797872543335, -0.23221057653427124, -0.00074749446, -0.013603138, -0.0005186486], "logp_the": [-2.583542585372925, -2.904387950897217, -4.204847812652588, -12.697775, -8.4285755, -8.936739]}