{"id": 486, "sentence_nb": 43, "input_str": " Hullabaloo\n\nTuesday, April 13, 2010\n\nAnother Breitbart Scam\n\n\n\nby digby\n\n\n\n\n\nDoes Andrew Breitbart just lie by reflex? You tell me:\n\n\n\nThree Democratic congressmen \u2014 all black \u2014 say they heard racial slurs as they walked through thousands of angry protesters outside", "correct_token_is_a": false, "logp_a": [-2.650007963180542, -0.8560563921928406, -1.4966866970062256], "logp_the": [-0.07327060401439667, -0.5530969500541687, -0.2534361481666565]}