{"id": 487, "sentence_nb": 45, "input_str": " \u201cIt\u2019s a solution looking for a problem, and hopefully you can find the problem.\u201d\n\nThe solution that puzzle inventor Oskar van Deventer has come up with is a fist-sized 11,373,076:1 gearbox. That\u2019s no typo \u2014 to get the output to rotate only once would require over 11 million rotations of the input shaft. Why? He\u2019s not sure; he wants that to be your job.\n\nOrigins\n\nWith the normal (\u201cspur\u201d) gears we all think of for basic gears, changing the speed of a shaft is space intensive. For example, to change", "correct_token_is_a": false, "logp_a": [-3.5617268085479736, -2.194082736968994, -2.466895341873169, -0.12631848, -7.936899, -6.4527073], "logp_the": [-0.9895718693733215, -0.5864701271057129, -0.6893073916435242, -5.00545, -0.002980758, -0.0081411535]}