{"id": 43, "sentence_nb": 4, "input_str": " Barbary Wars, and\n\nThe Barbary States were a collection of North African states, many of which practiced state-supported piracy in order to exact tribute from weaker Atlantic powers. Morocco was an independent kingdom, Algiers, Tunis, and Tripoli owed a loose allegiance to", "correct_token_is_a": false, "logp_a": [-3.3589463233947754, -4.0584917068481445, -3.967155933380127, -4.92858, -3.9318547, -7.6326156], "logp_the": [-1.5410151481628418, -0.8129169940948486, -1.3355411291122437, -0.056256954, -0.4123662, -0.035821613]}