{"id": 466, "sentence_nb": 41, "input_str": " SNc Channels:\n\n\n\nSearch\n\nAbout Salem-News.com\n\n\n\nJun-18-2012 13:00 TweetFollow @OregonNews Arizona Medical Marijuana Program: Reefer Madness, Crazy cannabis and Ganja goofiness Nonsensical legislation is", "correct_token_is_a": true, "logp_a": [-0.2933681905269623, -0.6257799863815308, -0.49505287408828735], "logp_the": [-1.3694275617599487, -0.7653826475143433, -0.9404264092445374]}