{"id": 409, "sentence_nb": 36, "input_str": " The world\u2019s most popular digital currency exchange, Coinbase, is under fire from angry customers over its decision not to support a new version of bitcoin that could also make it vulnerable to \u201cruinous legal trouble,\u201d according to a prominent legal scholar.\n\nCoinbase\u2019s headaches are tied to", "correct_token_is_a": true, "logp_a": [-0.7398068904876709, -0.924501895904541, -0.7116331458091736], "logp_the": [-0.6485679149627686, -0.5053887367248535, -0.6749967932701111]}