{"id": 481, "sentence_nb": 45, "input_str": " \u201cIt\u2019s a solution looking for a problem, and hopefully you can find the problem.\u201d\n\nThe solution that puzzle inventor Oskar van Deventer has come up with is", "correct_token_is_a": true, "logp_a": [-2.2820546627044678, -1.2567328214645386, -1.6778523921966553, -8.787482, -1.1539575, -1.540678], "logp_the": [-2.274076223373413, -2.6380958557128906, -2.9004323482513428, -6.0359297, -0.49863446, -2.0452197]}