{"id": 41, "sentence_nb": 3, "input_str": " There has been a bit of back and forth because of this. I decided to respond to", "correct_token_is_a": false, "logp_a": [-0.5051333904266357, -0.9416778683662415, -1.1749541759490967], "logp_the": [-0.9248902797698975, -0.4942520260810852, -0.36937397718429565]}