{"id": 471, "sentence_nb": 44, "input_str": " French WorldTour team FDJ have outlined its season objectives for 2017, confirming Thibaut Pinot will race the Giro d'Italia with Arnaud Demare leading the line at", "correct_token_is_a": false, "logp_a": [-3.68648099899292, -5.073807716369629, -4.660857677459717, -18.112535, -8.288428, -5.330218], "logp_the": [-1.2193790674209595, -0.40452688932418823, -0.4140656888484955, -0.0012147772, -0.012145331, -0.13746525]}