{"id": 499, "sentence_nb": 44, "input_str": "[BEGIN] As the Arab Spring hits its first anniversary, tech activists", "correct_token_is_a": false, "logp_a": [-4.3338623046875, -9.702468872070312, -9.055490493774414], "logp_the": [-0.013203568756580353, -6.115249561844394e-05, -0.00011669908417388797]}