{"id": 420, "sentence_nb": 37, "input_str": " Graeme Milbourne Clark AC (born 16 August 1935 in Camden, New South Wales)[1] is an Australian Professor of Otolaryngology at", "correct_token_is_a": false, "logp_a": [-2.9247608184814453, -5.235702991485596, -6.520078659057617], "logp_the": [-0.05517193302512169, -0.005337274633347988, -0.0014746040105819702]}