{"id": 401, "sentence_nb": 35, "input_str": "[BEGIN] For the past several days, I've been playing", "correct_token_is_a": true, "logp_a": [-1.1538867950439453, -0.7075158953666687, -0.6571781039237976], "logp_the": [-0.378932923078537, -0.6789819598197937, -0.7304584383964539]}