{"id": 459, "sentence_nb": 42, "input_str": " Sweden\u2019s government reacted to comments made by President Trump on", "correct_token_is_a": false, "logp_a": [-5.692351341247559, -4.578994274139404, -5.178551197052002, -9.221156, -6.141464, -6.214133], "logp_the": [-4.272184371948242, -3.183509349822998, -2.9464497566223145, -4.1015754, -0.7072836, -3.4408946]}