{"id": 452, "sentence_nb": 41, "input_str": " She has made it a part of her routine on her many trips to have at least one conversation exclusively with women, no matter where she is. Men, even her life partner Giocanti, are forbidden. She sends Giocanti and a group of other men to a seafood restaurant, along with the \"staff\" and several Malawian ministers, who tell him dirty jokes about life in Africa over", "correct_token_is_a": true, "logp_a": [-2.616633653640747, -2.4669370651245117, -1.4724256992340088, -0.9863979, -1.1404914, -5.117577], "logp_the": [-0.5519211888313293, -1.3508175611495972, -2.1142332553863525, -1.2436506, -4.068402, -5.3230653]}