{"id": 474, "sentence_nb": 42, "input_str": " Setting the political agenda: the Daily Record's front page on 16 September\n\nThe crucial moment during the Scottish referendum campaign was", "correct_token_is_a": false, "logp_a": [-0.6516491174697876, -1.6675918102264404, -2.139545202255249], "logp_the": [-0.7364422082901001, -0.2091185748577118, -0.12523256242275238]}