{"id": 484, "sentence_nb": 45, "input_str": " \u201cIt\u2019s a solution looking for a problem, and hopefully you can find the problem.\u201d\n\nThe solution that puzzle inventor Oskar van Deventer has come up with is a fist-sized 11,373,076:1 gearbox. That\u2019s no typo \u2014 to get the output to rotate only once would require over 11 million rotations of the input shaft. Why? He\u2019s not sure; he wants that to be your job.\n\nOrigins\n\nWith", "correct_token_is_a": false, "logp_a": [-2.3617868423461914, -2.249547243118286, -2.0266880989074707, -0.6836262, -2.2817535, -2.0374277], "logp_the": [-1.3074408769607544, -1.1527302265167236, -1.5611194372177124, -0.9550476, -1.2232609, -1.4498689]}