{"id": 483, "sentence_nb": 45, "input_str": " \u201cIt\u2019s a solution looking for a problem, and hopefully you can find the problem.\u201d\n\nThe solution that puzzle inventor Oskar van Deventer has come up with is a fist-sized 11,373,076:1 gearbox. That\u2019s no typo \u2014 to get the output to rotate only once would require over 11 million rotations of", "correct_token_is_a": false, "logp_a": [-3.2264325618743896, -2.6450295448303223, -1.5058262348175049, -15.282496, -0.9710097, -8.094779], "logp_the": [-2.2804200649261475, -0.7291664481163025, -0.7492648959159851, -4.5540895, -1.2361856, -0.0008343478]}