{"id": 435, "sentence_nb": 40, "input_str": " Bitcoin, despite its reputation as anonymous internet cash, was never designed for perfectly private payments. For", "correct_token_is_a": false, "logp_a": [-2.9102542400360107, -2.882591962814331, -3.302225112915039, -6.5386195, -5.6980944, -2.4865234], "logp_the": [-1.6857211589813232, -2.549484968185425, -2.9463138580322266, -11.364873, -4.8536725, -4.5329366]}