{"id": 432, "sentence_nb": 38, "input_str": "[BEGIN] Gaston Sauro is back to full health and full practice, Crew SC coach Gregg Berhalter said today. Now with that out of the way, here", "correct_token_is_a": false, "logp_a": [-0.5203118920326233, -1.6990031003952026, -1.5413916110992432], "logp_the": [-0.9022279381752014, -0.20195186138153076, -0.2409040629863739]}