{"id": 42, "sentence_nb": 4, "input_str": " Barbary Wars, and\n\nThe Barbary States were a collection of North African states, many of which practiced state-supported piracy in order to exact tribute from weaker Atlantic powers. Morocco was an independent kingdom, Algiers, Tunis, and Tripoli owed", "correct_token_is_a": true, "logp_a": [-2.102602481842041, -2.8908865451812744, -5.039512634277344, -11.336754, -8.2147665, -10.946385], "logp_the": [-1.950456976890564, -2.886568307876587, -4.374420166015625, -10.939692, -10.901594, -10.74094]}