{"id": 450, "sentence_nb": 41, "input_str": " She has made it a part of her routine on her many trips to have at least one conversation exclusively with women, no matter where she is. Men, even her life partner Giocanti, are forbidden. She sends Giocanti and a group of other men to", "correct_token_is_a": true, "logp_a": [-4.025728225708008, -3.0911502838134766, -2.3881163597106934, -6.9914823, -2.2821782, -3.6252801], "logp_the": [-4.108516693115234, -2.7777042388916016, -3.0675673484802246, -4.114374, -3.2327597, -2.415757]}