{"id": 461, "sentence_nb": 42, "input_str": " Sweden\u2019s government reacted to comments made by President Trump on the failings of the Swedish multicultural experiment with bewilderment, but", "correct_token_is_a": false, "logp_a": [-2.866377353668213, -4.2681474685668945, -4.924838066101074, -8.250004, -5.562213, -4.399473], "logp_the": [-2.0563759803771973, -2.383816719055176, -2.8588058948516846, -7.3135195, -4.649909, -5.2236996]}