{"id": 48, "sentence_nb": 5, "input_str": " Notice:\n\n\u30fbBefore use, please check", "correct_token_is_a": false, "logp_a": [-4.4522013664245605, -6.013256549835205, -6.139013767242432, -12.29589, -9.434526, -9.619652], "logp_the": [-1.775903344154358, -1.1196637153625488, -1.2542556524276733, -3.9787467, -0.37572044, -0.71276987]}