{"id": 432, "sentence_nb": 39, "input_str": " Photo credit: : Kaylan Smith \u00a6 GoFundMe\n\n27-year-old Morgan Evenson lives in downtown Minneapolis and walks to and from work at the Downtown Apple Store. Each and every day, she makes the eight-block trek on foot to earn her living, and has done so happily for several years; but little did she know that a vile creature from Somalia would try to cut her life short on", "correct_token_is_a": true, "logp_a": [-2.435688018798828, -2.433166980743408, -2.078906536102295, -5.1715474, -3.8437278, -0.69236004], "logp_the": [-2.309054374694824, -1.9566502571105957, -1.5214495658874512, -2.3080661, -1.7201864, -3.3710022]}