{"id": 498, "sentence_nb": 44, "input_str": " As", "correct_token_is_a": false, "logp_a": [-0.7373835444450378, -0.7343288064002991, -0.946042537689209], "logp_the": [-0.6507851481437683, -0.6535945534706116, -0.4914717376232147]}