{"id": 475, "sentence_nb": 44, "input_str": " French WorldTour team FDJ have outlined its season objectives for 2017, confirming Thibaut Pinot will race the Giro d'Italia with Arnaud Demare leading the line at the Tour de France and climbing domestique Sebastien Reichenbach given the opportunity for GC at the Vuelta a Espana. Related Articles Pinot: I really want to do this Giro d'Italia\n\nPinot to target", "correct_token_is_a": false, "logp_a": [-4.891453742980957, -2.8518378734588623, -3.597860813140869, -16.356312, -7.6168737, -7.079005], "logp_the": [-3.2755086421966553, -2.291008710861206, -2.1951966285705566, -6.2374387, -5.5868607, -2.9183755]}