{"id": 448, "sentence_nb": 41, "input_str": " She has made it", "correct_token_is_a": true, "logp_a": [-3.1190598011016846, -3.1065030097961426, -3.2932047843933105, -3.076069, -2.4463747, -2.710815], "logp_the": [-3.5231573581695557, -5.359585285186768, -5.484351634979248, -10.232541, -6.2847953, -6.4303293]}