{"id": 48, "sentence_nb": 4, "input_str": "[BEGIN] Like some ghastly chapter out of The Twits by Roald Dahl (where Mr Twit gl", "correct_token_is_a": false, "logp_a": [-1.4027762413024902, -0.3836900591850281, -0.6553240418434143], "logp_the": [-0.28224796056747437, -1.1436388492584229, -0.7324572205543518]}