{"id": 493, "sentence_nb": 46, "input_str": " This month is the 100th anniversary of the Communist Party\u2019s seizure of power in Petrograd, Russia. British Guardian columnist Paul Mason recent declared that", "correct_token_is_a": false, "logp_a": [-3.589378595352173, -4.432609558105469, -4.660403251647949, -9.781554, -7.721346, -7.2037706], "logp_the": [-1.1811583042144775, -1.1599732637405396, -1.3753459453582764, -1.2607609, -0.5011073, -0.4429683]}