{"id": 494, "sentence_nb": 46, "input_str": " This month is the 100th anniversary of the Communist Party\u2019s seizure of power in Petrograd, Russia. British Guardian columnist Paul Mason recent declared that the Soviet revolution provided \u201ca beacon to", "correct_token_is_a": false, "logp_a": [-3.5435240268707275, -3.9470467567443848, -2.590322971343994, -8.548763, -4.8423896, -6.460943], "logp_the": [-1.3527863025665283, -1.037218451499939, -1.2718110084533691, -0.9142916, -0.37057832, -0.12643895]}