{"id": 496, "sentence_nb": 46, "input_str": " This month is the 100th anniversary of the Communist Party\u2019s seizure of power in Petrograd, Russia. British Guardian columnist Paul Mason recent declared that the Soviet revolution provided \u201ca beacon to the rest of humanity, no matter how short lived.\u201d The New York Times has exalted the Soviet takeover in", "correct_token_is_a": true, "logp_a": [-3.974679708480835, -2.3458151817321777, -2.5199079513549805, -3.1312401, -1.6623863, -1.4719105], "logp_the": [-1.823840856552124, -1.995145320892334, -1.8935500383377075, -2.2278264, -3.420322, -2.7924175]}