{"id": 431, "sentence_nb": 38, "input_str": "[BEGIN] Gaston Sauro is back to full health and full practice, Crew SC coach Gregg Berhalter said today. Now with that out", "correct_token_is_a": false, "logp_a": [-2.0796637535095215, -8.27354621887207, -8.645301818847656], "logp_the": [-0.1334996223449707, -0.00025519452174194157, -0.00017593742813915014]}