{"id": 470, "sentence_nb": 44, "input_str": " French WorldTour team FDJ have outlined its season objectives for 2017, confirming Thibaut Pinot will race the Giro d'Italia with Arnaud Demare leading", "correct_token_is_a": false, "logp_a": [-3.664316177368164, -4.668301582336426, -3.231168270111084, -15.944072, -7.8948708, -6.529803], "logp_the": [-1.2719203233718872, -0.4464767575263977, -0.19197984039783478, -1.9741461e-05, -0.0032216548, -0.00970205]}