{"id": 430, "sentence_nb": 39, "input_str": " Photo credit: : Kaylan Smith \u00a6 GoFundMe\n\n27-year-old Morgan Evenson lives in downtown Minneapolis and walks to and from work at the Downtown Apple Store. Each and every day, she makes", "correct_token_is_a": false, "logp_a": [-1.8036291599273682, -2.454305648803711, -1.7737716436386108, -2.9933686, -2.3377151, -3.1812234], "logp_the": [-2.997438669204712, -2.989957809448242, -2.7068772315979004, -5.044963, -0.2603321, -0.04831536]}