{"id": 400, "sentence_nb": 35, "input_str": "[BEGIN]", "correct_token_is_a": false, "logp_a": [-1.4088525772094727, -1.064200520515442, -1.3546139001846313], "logp_the": [-0.280274361371994, -0.42312541604042053, -0.298469215631485]}