{"id": 4, "sentence_nb": 0, "input_str": " Early concept art for Geomon in 2011\n\nLocation-based Pok\u00e9mon \u2014 An \u201cInsider\u2019s\u201d View\n\nIvan Lee Blocked Unblock Follow Following Jul 14, 2016\n\n\u201cAre you familiar with Pok\u00e9mon? It\u2019s a game based on capturing and collecting pets from around the world. Now, imagine if these animals were mapped onto our actual surroundings \u2014 playing on the beach, you could find a sea dragon; exploring", "correct_token_is_a": false, "logp_a": [-1.9214248657226562, -1.730189561843872, -1.2777775526046753, -1.0530314, -0.9177519, -0.7121721], "logp_the": [-1.5333061218261719, -1.1334640979766846, -1.3211735486984253, -0.44622692, -3.1286035, -0.73187774]}