{"id": 407, "sentence_nb": 36, "input_str": " The world\u2019s most popular digital currency exchange, Coinbase, is under fire from angry customers over its decision not to support", "correct_token_is_a": true, "logp_a": [-1.4250202178955078, -1.522728681564331, -1.436540961265564], "logp_the": [-0.2750997245311737, -0.2460487335920334, -0.2714790403842926]}