{"id": 44, "sentence_nb": 4, "input_str": " Barbary Wars, and\n\nThe Barbary States were a collection of North African states, many of which practiced state-supported piracy in order to exact tribute from weaker Atlantic powers. Morocco was an independent kingdom, Algiers, Tunis, and Tripoli owed a loose allegiance to the Ottoman Empire. The United States fought two separate wars with Tripoli (1801\u20131805) and Algiers (1815\u20131816), although at other times it preferred to pay tribute to obtain", "correct_token_is_a": false, "logp_a": [-2.1696877479553223, -3.1392717361450195, -3.7580344676971436, -10.877331, -4.52224, -6.6911917], "logp_the": [-1.5200637578964233, -3.0316286087036133, -2.927696943283081, -9.546319, -4.3638887, -2.0717144]}