{"id": 486, "sentence_nb": 45, "input_str": " \u201cIt\u2019s a solution looking for a problem, and hopefully you can find the problem.\u201d\n\nThe solution that puzzle inventor Oskar van Deventer has come up with is a fist-sized 11,373,076:1 gearbox. That\u2019s no typo \u2014 to get the output to rotate only once would require over 11 million rotations of the input shaft. Why? He\u2019s not sure; he wants that to be your job.\n\nOrigins\n\nWith the normal (\u201cspur\u201d) gears we all think of for basic gears, changing the speed of", "correct_token_is_a": true, "logp_a": [-3.437685489654541, -1.653792381286621, -1.5588353872299194, -14.075598, -3.4873967, -7.7474184], "logp_the": [-1.1627002954483032, -0.8142156600952148, -0.8322347402572632, -7.8540467e-07, -1.7459296, -1.5172176]}