{"id": 473, "sentence_nb": 42, "input_str": " Setting the political agenda: the Daily Record's front page on 16 September\n\nThe crucial moment during", "correct_token_is_a": false, "logp_a": [-2.6204311847686768, -2.591665029525757, -3.523409843444824], "logp_the": [-0.07555519044399261, -0.07784824073314667, -0.029942484572529793]}