{"id": 469, "sentence_nb": 44, "input_str": " French WorldTour team FDJ have outlined its season objectives for 2017, confirming Thibaut Pinot will race", "correct_token_is_a": false, "logp_a": [-3.0496041774749756, -3.654985189437866, -4.417981147766113, -8.188908, -5.8962197, -4.727152], "logp_the": [-3.284627676010132, -2.40586256980896, -1.9141894578933716, -6.21722, -3.2619164, -0.7566103]}