{"id": 444, "sentence_nb": 39, "input_str": "[BEGIN] Prosthetics", "correct_token_is_a": true, "logp_a": [-1.0032341480255127, -0.36369433999061584, -0.6159244775772095], "logp_the": [-0.4567977786064148, -1.1877833604812622, -0.7768360376358032]}