{"id": 431, "sentence_nb": 39, "input_str": " Photo credit: : Kaylan Smith \u00a6 GoFundMe\n\n27-year-old Morgan Evenson lives in downtown Minneapolis and walks to and from work at the Downtown Apple Store. Each and every day, she makes the eight-block trek on foot to earn her living, and has done so happily for several years; but little did she know that", "correct_token_is_a": true, "logp_a": [-3.7766809463500977, -4.296624183654785, -3.578481674194336, -7.3559794, -2.6249082, -3.4319463], "logp_the": [-2.8217077255249023, -2.72213077545166, -2.327779769897461, -7.8906994, -3.3615053, -4.569706]}