{"id": 462, "sentence_nb": 42, "input_str": " Sweden\u2019s government reacted to comments made by President Trump on the failings of the Swedish multicultural experiment with bewilderment, but the situation in Sweden is deteriorating rapidly due to mass migration.\n\nHere are ten topics and incidents that expose what Sweden\u2019s government won\u2019t acknowledge:\n\n1. The murder of asylum centre worker Alexandra Mezher by", "correct_token_is_a": true, "logp_a": [-3.1041066646575928, -1.2626121044158936, -1.2438716888427734, -0.00029426313, -0.17639102, -2.8023896], "logp_the": [-2.1866118907928467, -2.616204023361206, -4.359563827514648, -19.924541, -8.099503, -10.91144]}