{"id": 475, "sentence_nb": 42, "input_str": "[BEGIN] Setting the political agenda: the Daily Record's front page on 16 September\n\nThe crucial moment during the Scottish referendum campaign was the pledge made", "correct_token_is_a": false, "logp_a": [-1.8662346601486206, -2.2809433937072754, -3.452164888381958], "logp_the": [-0.16806967556476593, -0.10779432952404022, -0.03218960389494896]}