{"id": 454, "sentence_nb": 40, "input_str": "[BEGIN] The Associated Press reports Syria's Foreign Minister has said his country has", "correct_token_is_a": true, "logp_a": [-0.3710787296295166, -0.9116054773330688, -0.5941830277442932], "logp_the": [-1.171149492263794, -0.5139614343643188, -0.8029919266700745]}