{"id": 471, "sentence_nb": 42, "input_str": "[BEGIN]", "correct_token_is_a": false, "logp_a": [-0.6402189135551453, -1.2342922687530518, -1.2585909366607666], "logp_the": [-0.7490341067314148, -0.3439571261405945, -0.3341505527496338]}