{"id": 485, "sentence_nb": 45, "input_str": " \u201cIt\u2019s a solution looking for a problem, and hopefully you can find the problem.\u201d\n\nThe solution that puzzle inventor Oskar van Deventer has come up with is a fist-sized 11,373,076:1 gearbox. That\u2019s no typo \u2014 to get the output to rotate only once would require over 11 million rotations of the input shaft. Why? He\u2019s not sure; he wants that to be your job.\n\nOrigins\n\nWith the normal (\u201cspur\u201d) gears we all think of for basic gears, changing", "correct_token_is_a": false, "logp_a": [-4.740114688873291, -4.019158840179443, -3.0119071006774902, -10.733308, -7.551597, -11.715277], "logp_the": [-2.229200839996338, -2.1315245628356934, -0.9854787588119507, -0.03409639, -0.13377753, -0.0063089067]}