{"id": 491, "sentence_nb": 46, "input_str": " This month is", "correct_token_is_a": false, "logp_a": [-1.5917612314224243, -2.6614341735839844, -2.698855400085449, -3.0164423, -3.2940955, -2.6041424], "logp_the": [-1.8289629220962524, -1.8098410367965698, -1.5221205949783325, -0.94939613, -1.2919005, -1.1561824]}