{"id": 421, "sentence_nb": 37, "input_str": "[BEGIN] Graeme Milbourne Clark AC (born 16 August 1935 in Camden, New South Wales)[1] is an Australian Professor of Otolaryngology at the University of Melbourne.[2] He", "correct_token_is_a": true, "logp_a": [-0.8512576818466187, -2.501207113265991, -2.025446891784668], "logp_the": [-0.5566562414169312, -0.08554254472255707, -0.14148855209350586]}