{"id": 498, "sentence_nb": 46, "input_str": " This month is the 100th anniversary of the Communist Party\u2019s seizure of power in Petrograd, Russia. British Guardian columnist Paul Mason recent declared that the Soviet revolution provided \u201ca beacon to the rest of humanity, no matter how short lived.\u201d The New York Times has exalted the Soviet takeover in a series of articles on the \u201cRed Century\u201d \u2013 even asserting that \u201cwomen had better sex under communism\u201d (based largely on", "correct_token_is_a": true, "logp_a": [-3.363563060760498, -2.8096814155578613, -1.7259153127670288, -6.389561, -0.8590473, -0.9823622], "logp_the": [-0.5679420232772827, -1.5697218179702759, -1.924622893333435, -3.1715384, -1.7226892, -1.5591273]}