{"id": 480, "sentence_nb": 45, "input_str": " \u201cIt\u2019s a solution looking for a problem, and hopefully you can find", "correct_token_is_a": false, "logp_a": [-1.1670109033584595, -2.4456045627593994, -1.9081488847732544, -0.38071275, -2.0755517, -0.62458134], "logp_the": [-3.1186509132385254, -2.756723642349243, -2.788912773132324, -1.1839736, -2.126624, -1.3363125]}