{"id": 433, "sentence_nb": 38, "input_str": " Gaston Sauro is back to full health and full practice, Crew SC coach Gregg Berhalter said today. Now with that out of the way, here comes the big question.\n\nDoes that mean Sauro immediately regains", "correct_token_is_a": false, "logp_a": [-1.3407598733901978, -1.6135393381118774, -1.629063367843628], "logp_the": [-0.30333295464515686, -0.22212088108062744, -0.21829679608345032]}