{"id": 429, "sentence_nb": 39, "input_str": " Photo credit: : Kaylan Smith \u00a6 GoFundMe\n\n27-year-old Morgan Evenson lives in downtown Minneapolis and walks to and from work at", "correct_token_is_a": false, "logp_a": [-2.851710796356201, -1.6719646453857422, -1.8725417852401733, -3.2672424, -1.9750295, -1.4504799], "logp_the": [-1.552813172340393, -1.591787338256836, -1.4252837896347046, -4.226882, -1.0450883, -0.44980285]}