{"id": 467, "sentence_nb": 43, "input_str": " Donate To Discover The Truth\n\nKaleef K. Karim\n\nContent:\n\n1. Introduction\n\n2. Background: Surah 9:49\n\n3. Banu Asfar\u2019s Impending Army\n\n4. The Report of Jadd b. Qais, And Excuse of Staying\n\n5. Where is \u201cEnslavement of", "correct_token_is_a": false, "logp_a": [-5.415005683898926, -4.232297897338867, -4.037716865539551, -6.6618, -5.908335, -7.321486], "logp_the": [-3.248058319091797, -1.5439740419387817, -1.3103306293487549, -2.868649, -0.2285622, -0.37750998]}