{"id": 418, "sentence_nb": 38, "input_str": " Global steel markets do not function properly; there is no doubt about it. National go-it-alone policies, however, are not the cure to this problem. Rather, they threaten to distort markets even further.\n\nThe Global Forum on Steel Excess Capacity was formed by the G20 leaders at the Hangzhou Summit in September 2016. Bringing together 33 economies, it is the first global platform on steel issues that includes all", "correct_token_is_a": false, "logp_a": [-7.322583198547363, -7.727875709533691, -7.4595136642456055, -11.797352, -13.131149, -12.717744], "logp_the": [-2.557776689529419, -2.082237958908081, -1.6962692737579346, -4.751232, -1.9962344, -3.609713]}