{"id": 478, "sentence_nb": 45, "input_str": " \u201cIt\u2019s", "correct_token_is_a": true, "logp_a": [-1.7776594161987305, -2.707641124725342, -2.5417675971984863, -2.0446877, -2.350849, -1.9071159], "logp_the": [-3.743372917175293, -3.707343578338623, -3.658092975616455, -3.3850505, -3.592985, -3.4700458]}