{"id": 408, "sentence_nb": 37, "input_str": " Prime minister has denied any wrongdoing and told opponents earlier on Monday to \u2018hold off on the partying\u2019\n\nIsrael\u2019s prime minister, Benjamin Netanyahu, was interviewed by detectives investigating whether he broke", "correct_token_is_a": false, "logp_a": [-3.2617669105529785, -2.900979518890381, -3.488438367843628, -8.407095, -5.6830506, -7.5300436], "logp_the": [-1.8517241477966309, -1.035645842552185, -1.040165662765503, -3.104889, -2.144654, -0.6029253]}