{"id": 438, "sentence_nb": 40, "input_str": " Bitcoin, despite its reputation as anonymous internet cash, was never designed for perfectly private payments. For the promise of fully untraceable money, cryptocurrency fans have been waiting for Zerocoin\u2014a technology designed to have default uncrackable anonymity. After years of development, that incognito cryptocash is finally showing signs of a life, now in the form of", "correct_token_is_a": true, "logp_a": [-1.3842357397079468, -1.1830546855926514, -1.4680168628692627, -2.518394, -0.31417233, -0.6044251], "logp_the": [-2.933859348297119, -2.1888415813446045, -2.567836046218872, -3.8080769, -3.1472504, -1.2366759]}