{"id": 482, "sentence_nb": 45, "input_str": " \u201cIt\u2019s a solution looking for a problem, and hopefully you can find the problem.\u201d\n\nThe solution that puzzle inventor Oskar van Deventer has come up with is a fist-sized 11,373,076:1 gearbox. That\u2019s no typo \u2014 to get", "correct_token_is_a": false, "logp_a": [-1.6856920719146729, -2.5075340270996094, -2.3093743324279785, -0.7796778, -5.336586, -3.6149223], "logp_the": [-1.958522081375122, -1.9489327669143677, -1.2731804847717285, -3.0381634, -0.9943887, -0.9162685]}