{"id": 472, "sentence_nb": 42, "input_str": " Setting the political agenda:", "correct_token_is_a": false, "logp_a": [-1.0396559238433838, -1.3070721626281738, -1.4612929821014404], "logp_the": [-0.4363000988960266, -0.3155483603477478, -0.26388245820999146]}