{"id": 414, "sentence_nb": 38, "input_str": " Global steel markets do not function properly; there is no doubt about it. National go-it-alone policies, however, are not", "correct_token_is_a": false, "logp_a": [-3.3936564922332764, -3.4695258140563965, -3.5481324195861816, -1.56629, -4.276616, -4.346721], "logp_the": [-3.2945029735565186, -2.782956600189209, -2.4898056983947754, -1.1486015, -0.25971156, -0.12837332]}