{"id": 49, "sentence_nb": 5, "input_str": " Notice:\n\n\u30fbBefore use, please check the Compatibility section below.\n\n\u30fbThis application is compatible up to iOS 10.2. Unsupported devices may not run", "correct_token_is_a": false, "logp_a": [-3.0870819091796875, -6.1621294021606445, -6.409241199493408, -10.941796, -13.783231, -11.865419], "logp_the": [-2.6758832931518555, -2.002964973449707, -1.384392261505127, -0.26394022, -4.185905, -0.26311317]}