{"id": 49, "sentence_nb": 4, "input_str": " Like some ghastly chapter out of The Twits by Roald Dahl (where Mr Twit glues the branches of his tree to catch birds to make", "correct_token_is_a": true, "logp_a": [-0.5222606658935547, -0.3317657709121704, -0.2963886260986328], "logp_the": [-0.8993797302246094, -1.2646270990371704, -1.3606204986572266]}