{"id": 460, "sentence_nb": 42, "input_str": " Sweden\u2019s government reacted to comments made by President Trump on the failings of", "correct_token_is_a": false, "logp_a": [-3.950110912322998, -3.6619772911071777, -4.576822757720947, -8.113637, -8.247229, -7.769707], "logp_the": [-0.9799178838729858, -1.0333153009414673, -1.270128846168518, -0.117470354, -0.24942502, -0.52701926]}