{"id": 41, "sentence_nb": 4, "input_str": " Barbary Wars, and\n\nThe Barbary States were", "correct_token_is_a": true, "logp_a": [-4.136814594268799, -3.511857748031616, -2.6746163368225098, -0.412547, -0.10696073, -0.35612854], "logp_the": [-2.7943339347839355, -3.0789201259613037, -2.859194278717041, -10.093904, -5.4564476, -4.0409775]}