{"id": 407, "sentence_nb": 37, "input_str": " Prime minister has denied any wrongdoing and told opponents earlier on Monday to \u2018hold off on", "correct_token_is_a": false, "logp_a": [-3.1830544471740723, -4.494270324707031, -2.7848446369171143, -13.301028, -7.12751, -7.3209257], "logp_the": [-1.9368797540664673, -2.667907953262329, -3.3075497150421143, -6.6922355, -1.9500937, -0.25410196]}