{"id": 408, "sentence_nb": 36, "input_str": "[BEGIN] The world\u2019s most popular digital currency exchange, Coinbase, is under fire from angry customers over its decision not to support a new version of bitcoin that could also make it vulnerable to \u201cruinous legal trouble,\u201d according", "correct_token_is_a": true, "logp_a": [-1.0058168172836304, -0.46577268838882446, -0.21513205766677856], "logp_the": [-0.45530545711517334, -0.9879208207130432, -1.642141580581665]}