{"id": 492, "sentence_nb": 46, "input_str": " This month is the 100th anniversary of", "correct_token_is_a": false, "logp_a": [-2.23514461517334, -4.515463829040527, -4.209158897399902, -12.86018, -6.749165, -6.901178], "logp_the": [-0.7791463136672974, -0.6089008450508118, -0.6416938304901123, -0.0031407508, -0.13073178, -0.13902621]}