{"id": 40, "sentence_nb": 3, "input_str": " There has been", "correct_token_is_a": true, "logp_a": [-0.039699576795101166, -0.009993164800107479, -0.004928938578814268], "logp_the": [-3.2461986541748047, -4.610846042633057, -5.3151021003723145]}