{"id": 585, "sentence_nb": 54, "input_str": " OAKLAND \u2014 Four members of a crew filming a television reality show in downtown Oakland were robbed at gunpoint Monday night of $50,000 worth of equipment and personal items, according to a victim and authorities.\n\nThe head of the crew said he was thrown up against a wall and that he and the other victims were forced to lay on the pavement, where", "correct_token_is_a": false, "logp_a": [-2.607764959335327, -3.3972973823547363, -2.9931154251098633, -8.120483, -2.4704666, -2.3889492], "logp_the": [-1.6664721965789795, -2.622562885284424, -2.6510744094848633, -7.880362, -2.0477715, -1.5097264]}