{"id": 551, "sentence_nb": 48, "input_str": " BOSTON - Genuine debate on marijuana policy and how the legal pot industry should look in Massachusetts is likely coming from", "correct_token_is_a": false, "logp_a": [-1.3851333856582642, -0.5970934629440308, -0.749783992767334], "logp_the": [-0.28806933760643005, -0.7994173765182495, -0.6395468711853027]}