{"id": 564, "sentence_nb": 49, "input_str": "[BEGIN] Just days after Jason Lewis announced he was running for Congress in Minnesota\u2019s Second Congressional District, Lewis", "correct_token_is_a": false, "logp_a": [-1.6879363059997559, -2.49183988571167, -2.525575637817383], "logp_the": [-0.20444537699222565, -0.08638342469930649, -0.08339496701955795]}