{"id": 50, "sentence_nb": 5, "input_str": " Notice:\n\n\u30fbBefore use, please check the Compatibility section below.\n\n\u30fbThis application is compatible up to iOS 10.2. Unsupported devices may not run the game properly. Please be aware of this when switching devices or updating your OS.\n\n\u30fbPlease use", "correct_token_is_a": false, "logp_a": [-2.9983785152435303, -2.951277732849121, -2.9517602920532227, -0.19002984, -4.24021, -2.7001963], "logp_the": [-1.3094193935394287, -0.8351126909255981, -1.311280369758606, -1.8835504, -4.806737, -1.2184154]}