{"id": 580, "sentence_nb": 54, "input_str": " OAKLAND \u2014 Four members of a crew filming a television reality show in downtown Oakland were robbed at gunpoint Monday night of $50,000 worth of equipment and personal items, according to", "correct_token_is_a": true, "logp_a": [-1.430101752281189, -1.9666295051574707, -2.501967430114746, -2.8073187, -4.414196, -3.870759], "logp_the": [-1.2378839254379272, -2.4145283699035645, -2.38352108001709, -2.9968414, -2.2200022, -1.46446]}