{"id": 596, "sentence_nb": 55, "input_str": " Training the mind will allow you to do the little things, that when done on", "correct_token_is_a": true, "logp_a": [-3.1642065048217773, -1.4515284299850464, -0.965569794178009, -0.0007924126, -0.005361341, -0.007887959], "logp_the": [-1.3484745025634766, -1.8816813230514526, -2.276273012161255, -12.685614, -9.049005, -7.073006]}