{"id": 553, "sentence_nb": 48, "input_str": " BOSTON - Genuine debate on marijuana policy and how the legal pot industry should look in Massachusetts is likely coming from the Cannabis Control Commission during the middle two weeks of December, which are shaping up to be", "correct_token_is_a": false, "logp_a": [-0.9419810771942139, -0.3157941401004791, -0.802756130695343], "logp_the": [-0.4940583407878876, -1.3064099550247192, -0.5943744778633118]}