{"id": 566, "sentence_nb": 52, "input_str": " After writing about the football finances of", "correct_token_is_a": false, "logp_a": [-3.2976064682006836, -3.3595657348632812, -3.893010139465332, -8.819321, -4.488662, -3.7180974], "logp_the": [-1.1023216247558594, -1.1776808500289917, -1.4981662034988403, -2.5491734, -1.0923381, -1.7168578]}