{"id": 545, "sentence_nb": 50, "input_str": " Update\n\nKevin Pietersen obviously read the below story, given the tweet he posted after England capitulated to lose", "correct_token_is_a": false, "logp_a": [-2.764324426651001, -5.083646774291992, -4.224936008453369, -8.348722, -7.040951, -7.0455556], "logp_the": [-2.407634973526001, -2.585042953491211, -1.832617163658142, -3.3829417, -0.17544039, -0.92100745]}