{"id": 579, "sentence_nb": 54, "input_str": " OAKLAND \u2014 Four members of a crew filming", "correct_token_is_a": true, "logp_a": [-1.6287157535552979, -1.0311082601547241, -0.7669627070426941, -0.31110644, -0.04342643, -0.104767166], "logp_the": [-1.6137564182281494, -1.8597978353500366, -2.138483762741089, -4.9577503, -5.299801, -3.691616]}