{"id": 533, "sentence_nb": 47, "input_str": " Mr. Sarkozy, speaking Monday at the Sorbonne, where a daylong symposium on the report was under way just two weeks before", "correct_token_is_a": false, "logp_a": [-1.7360395193099976, -2.5867960453033447, -2.2523720264434814], "logp_the": [-0.19384801387786865, -0.07824352383613586, -0.11109858751296997]}