{"id": 532, "sentence_nb": 47, "input_str": " Mr. Sarkozy, speaking Monday at the Sorbonne, where a daylong symposium on", "correct_token_is_a": false, "logp_a": [-2.6326401233673096, -3.433258056640625, -4.174130916595459], "logp_the": [-0.074603371322155, -0.032814133912324905, -0.015508177690207958]}