{"id": 550, "sentence_nb": 48, "input_str": "[BEGIN] BOSTON - Genuine debate on marijuana policy and", "correct_token_is_a": false, "logp_a": [-1.616132140159607, -2.512194871902466, -2.7868895530700684], "logp_the": [-0.2214769572019577, -0.08456721156835556, -0.06359242647886276]}