{"id": 5, "sentence_nb": 0, "input_str": " Early concept art for Geomon in 2011\n\nLocation-based Pok\u00e9mon \u2014 An \u201cInsider\u2019s\u201d View\n\nIvan Lee Blocked Unblock Follow Following Jul 14, 2016\n\n\u201cAre you familiar with Pok\u00e9mon? It\u2019s a game based on capturing and collecting pets from around the world. Now, imagine if these animals were mapped onto our actual surroundings \u2014 playing on the beach, you could find a sea dragon; exploring the arctic tundra, you\u2019d find", "correct_token_is_a": true, "logp_a": [-0.5780273079872131, -0.8165526390075684, -0.5486688613891602, -0.053253207, -0.14941214, -0.19780214], "logp_the": [-3.2872681617736816, -3.272103786468506, -3.636582374572754, -9.594613, -9.470669, -8.319261]}