{"id": 577, "sentence_nb": 50, "input_str": "[BEGIN] It is time to confront Canada\u2019s staple trap\n\nCanadian postcard, 1907\n\nForbidden to text while driving, you can waste your time checking the fluctuating price of gas at every gas station you see and how at each station it differs from yesterday. All you will learn is", "correct_token_is_a": false, "logp_a": [-1.2998149394989014, -1.9965680837631226, -2.249300479888916], "logp_the": [-0.318254292011261, -0.14595165848731995, -0.11146014928817749]}