{"id": 524, "sentence_nb": 46, "input_str": " Image copyright PLAYFTW Image caption Bomb Gaza was removed from Google Play and Facebook following criticism\n\nSeveral games relating to", "correct_token_is_a": false, "logp_a": [-1.5955332517623901, -4.601680278778076, -4.245265007019043], "logp_the": [-0.2266501635313034, -0.010085691697895527, -0.014435618184506893]}