{"id": 598, "sentence_nb": 55, "input_str": " Training the mind will allow you to do the little things, that when done on a consistent basis, make all the difference. You will create mental toughness and you will create an inner discipline. This new found inner discipline will allow you to do", "correct_token_is_a": false, "logp_a": [-3.486340284347534, -3.8049533367156982, -4.301356792449951, -13.0793295, -9.865725, -8.455821], "logp_the": [-0.3930480182170868, -1.306044340133667, -1.1920963525772095, -0.083919756, -0.3023046, -0.36313677]}