{"id": 514, "sentence_nb": 48, "input_str": " James \u201cWhitey\u201d Bulger was sentenced Thursday to two consecutive terms of life in prison by", "correct_token_is_a": true, "logp_a": [-1.9101920127868652, -0.6729415655136108, -0.4682897925376892, -3.6162493, -0.7410557, -0.4625147], "logp_the": [-1.8053689002990723, -1.8705352544784546, -4.036122798919678, -8.577799, -4.080807, -6.1270337]}