{"id": 511, "sentence_nb": 45, "input_str": "[BEGIN] Brian Close: The combative brave-heart of cricket\n\nBrian Close, who passed away on September 14, 2015, was one of the toughest men to have", "correct_token_is_a": false, "logp_a": [-0.556119441986084, -1.1550687551498413, -1.7849342823028564], "logp_the": [-0.8519787788391113, -0.37838876247406006, -0.18369215726852417]}