{"id": 582, "sentence_nb": 54, "input_str": " OAKLAND \u2014 Four members of a crew filming a television reality show in downtown Oakland were robbed at gunpoint Monday night of $50,000 worth of equipment and personal items, according to a victim and authorities.\n\nThe head of the crew said he was thrown up against", "correct_token_is_a": true, "logp_a": [-1.3053996562957764, -0.5368157029151917, -0.41609668731689453, -1.4916555, -0.084643185, -0.011975147], "logp_the": [-0.9080369472503662, -1.0925712585449219, -1.603245735168457, -2.6708038, -2.5195034, -4.4709697]}