{"id": 522, "sentence_nb": 49, "input_str": " (Beirut) \u2013 Egyptian military forces in the northern Sinai Peninsula executed at least two and as many as eight unarmed detainees and covered up", "correct_token_is_a": false, "logp_a": [-3.129103899002075, -3.296273708343506, -3.018448829650879, -9.332689, -7.3151913, -12.639772], "logp_the": [-2.1997787952423096, -1.4518979787826538, -1.2082756757736206, -2.37459, -2.7835176, -0.16218995]}