{"id": 554, "sentence_nb": 51, "input_str": " Photo\n\nBen Carson, the retired neurosurgeon who is a leading Republican presidential contender, has intensified his defense of gun rights in response to last week\u2019s Oregon campus massacre, arguing that the Second Amendment is more sacred than spilled blood.\n\nHe also suggested that the victims should have had", "correct_token_is_a": false, "logp_a": [-1.419010043144226, -1.7978976964950562, -2.3955237865448, -1.9177012, -3.3909585, -1.733757], "logp_the": [-2.0891618728637695, -1.4842685461044312, -2.128075361251831, -0.18082185, -2.6694493, -2.5036564]}