{"id": 544, "sentence_nb": 50, "input_str": " Update\n\nKevin Pietersen obviously read the below story, given", "correct_token_is_a": false, "logp_a": [-2.4172887802124023, -5.612680435180664, -4.610119819641113, -18.091255, -9.940543, -7.90987], "logp_the": [-0.8842030167579651, -1.110384225845337, -1.8348090648651123, -3.9647145, -1.6069086, -1.9229735]}