{"id": 565, "sentence_nb": 52, "input_str": " After writing about", "correct_token_is_a": false, "logp_a": [-2.121521472930908, -3.466993570327759, -3.6815848350524902, -4.619201, -4.4314175, -2.9860692], "logp_the": [-0.9228148460388184, -1.5837843418121338, -1.5822157859802246, -1.9250329, -1.4363908, -1.2911726]}