{"id": 568, "sentence_nb": 52, "input_str": " After writing about the football finances of the SEC and Big Ten, it's the ACC's turn. The numbers are drawn from schools' reports to", "correct_token_is_a": false, "logp_a": [-3.460031270980835, -5.402910232543945, -5.7226457595825195, -13.214276, -12.027429, -11.374737], "logp_the": [-1.8759686946868896, -0.5261631011962891, -0.19483642280101776, -0.0041016587, -0.008872073, -0.009557494]}