{"id": 565, "sentence_nb": 49, "input_str": "[BEGIN] Just days after Jason Lewis announced he was running for Congress in Minnesota\u2019s Second Congressional District, Lewis questioned the role", "correct_token_is_a": false, "logp_a": [-1.3694345951080322, -2.666012763977051, -2.0234391689300537], "logp_the": [-0.2933656871318817, -0.07206428796052933, -0.14179398119449615]}