{"id": 507, "sentence_nb": 47, "input_str": " Join in the Fun\u2013\n\nTake Skywriter\u2019s Tests to Measure the Stength of your Chart Features!\n\nOne missing factor in most methods of interpreting an astrology chart is", "correct_token_is_a": true, "logp_a": [-1.9523752927780151, -3.6306633949279785, -3.0183942317962646, -10.332178, -4.2950883, -2.9651034], "logp_the": [-1.9498041868209839, -0.6889024972915649, -0.784717321395874, -0.00049622235, -0.17212272, -0.27457815]}