{"id": 555, "sentence_nb": 51, "input_str": " Photo\n\nBen Carson, the retired neurosurgeon who is a leading Republican presidential contender, has intensified his defense of gun rights in response to last week\u2019s Oregon campus massacre, arguing that the Second Amendment is more sacred than spilled blood.\n\nHe also suggested that the victims should have had the courage to attack their assailant and accused President Obama of politicizing", "correct_token_is_a": false, "logp_a": [-3.781768321990967, -3.8403425216674805, -2.609152317047119, -11.903089, -7.8249693, -6.7439713], "logp_the": [-1.5048586130142212, -0.6735182404518127, -0.4649604558944702, -0.002027316, -0.014024479, -0.02205838]}