{"id": 597, "sentence_nb": 55, "input_str": " Training the mind will allow you to do the little things, that when done on a consistent basis, make all", "correct_token_is_a": false, "logp_a": [-6.094532012939453, -6.8167524337768555, -6.967311859130859, -19.285318, -13.220732, -12.34562], "logp_the": [-1.542203664779663, -0.5396454334259033, -0.17502987384796143, -0.0010196515, -0.009729075, -0.016402854]}