{"id": 506, "sentence_nb": 47, "input_str": " Join in the Fun\u2013\n\nTake Skywriter\u2019s Tests to Measure", "correct_token_is_a": false, "logp_a": [-6.007211685180664, -5.5859832763671875, -6.840077877044678, -12.015489, -9.8520565, -9.878384], "logp_the": [-3.1125643253326416, -2.6635284423828125, -3.472562551498413, -9.369763, -6.2960644, -6.533442]}