{"id": 550, "sentence_nb": 51, "input_str": " Photo\n\nBen Carson,", "correct_token_is_a": false, "logp_a": [-2.1052725315093994, -2.0834760665893555, -2.2689268589019775, -6.3751154, -2.382819, -1.8007115], "logp_the": [-2.596327066421509, -0.857272207736969, -0.6931746006011963, -4.498167, -2.2601495, -2.0964744]}