{"id": 515, "sentence_nb": 48, "input_str": " James \u201cWhitey\u201d Bulger was sentenced Thursday to two consecutive terms of life in prison by a judge who lamented his misplaced mythology in", "correct_token_is_a": true, "logp_a": [-1.8863890171051025, -2.2265207767486572, -2.249631881713867, -9.2744055, -1.030434, -1.4408122], "logp_the": [-1.4939167499542236, -1.5938684940338135, -1.1359385251998901, -5.1233325, -0.6854041, -0.73182774]}