{"id": 50, "sentence_nb": 4, "input_str": " Like some ghastly chapter out of The Twits by Roald Dahl (where Mr Twit glues the branches of his tree to catch birds to make a pie), New Zealand has its own bird-catching tree.\n\nThe parapara tree or Pisonia brunoniana is", "correct_token_is_a": true, "logp_a": [-0.4613872170448303, -0.20330290496349335, -0.24999193847179413], "logp_the": [-0.995357096195221, -1.6929879188537598, -1.5087199211120605]}