{"id": 513, "sentence_nb": 45, "input_str": "[BEGIN] Brian Close: The combative brave-heart of cricket\n\nBrian Close, who passed away on September 14, 2015, was one of the toughest men to have played the game. Arunabha Sengupta pays homage to the Yorkshire and England cricketer with one", "correct_token_is_a": false, "logp_a": [-6.133192539215088, -4.940109729766846, -3.7333216667175293], "logp_the": [-0.002172017004340887, -0.007179532665759325, -0.024203885346651077]}