{"id": 505, "sentence_nb": 47, "input_str": " Join in", "correct_token_is_a": false, "logp_a": [-3.5354530811309814, -4.301048278808594, -4.247213363647461, -6.6231284, -3.397816, -4.937386], "logp_the": [-1.1820728778839111, -1.5325051546096802, -1.3095760345458984, -5.802111, -0.9728903, -0.8139466]}