{"id": 508, "sentence_nb": 47, "input_str": " Join in the Fun\u2013\n\nTake Skywriter\u2019s Tests to Measure the Stength of your Chart Features!\n\nOne missing factor in most methods of interpreting an astrology chart is a way to know", "correct_token_is_a": false, "logp_a": [-3.5955069065093994, -5.270741939544678, -5.851930618286133, -7.520162, -11.316897, -9.302545], "logp_the": [-1.8806431293487549, -2.2506918907165527, -1.6296865940093994, -2.0307853, -0.87207156, -1.8937218]}