{"id": 546, "sentence_nb": 50, "input_str": " Update\n\nKevin Pietersen obviously read the below story, given the tweet he posted after England capitulated to lose the second Test against India at Lord\u2019s.\n\nDon't blame me...blame", "correct_token_is_a": false, "logp_a": [-4.500241279602051, -5.23175048828125, -5.3007659912109375, -13.687695, -6.4582844, -6.466251], "logp_the": [-3.876788854598999, -1.7269666194915771, -1.5735929012298584, -0.0050661913, -0.2033952, -0.3204398]}