{"id": 500, "sentence_nb": 44, "input_str": " As the Arab Spring hits its first anniversary, tech activists around the globe are continuing their efforts to enable secure communications\u2014especially in areas of", "correct_token_is_a": false, "logp_a": [-4.294646739959717, -3.2581515312194824, -5.27473258972168], "logp_the": [-0.013735302723944187, -0.03921850025653839, -0.0051324754022061825]}