{"id": 569, "sentence_nb": 52, "input_str": " After writing about the football finances of the SEC and Big Ten, it's the ACC's turn. The numbers are drawn from schools' reports to the U.S. Department of Education on", "correct_token_is_a": false, "logp_a": [-3.8381261825561523, -4.3408660888671875, -4.685276031494141, -8.179146, -8.299486, -6.1695213], "logp_the": [-1.9776848554611206, -1.7048187255859375, -1.971569299697876, -7.6078486, -2.688451, -2.5096369]}