{"id": 572, "sentence_nb": 52, "input_str": " After writing about the football finances of the SEC and Big Ten, it's the ACC's turn. The numbers are drawn from schools' reports to the U.S. Department of Education on the state of their athletic departments' finances for July 1, 2009 to June 30, 2010. See the note at the end for more details on", "correct_token_is_a": false, "logp_a": [-4.305661678314209, -5.752925872802734, -6.466507911682129, -12.000994, -9.996674, -6.9545746], "logp_the": [-0.6749148368835449, -1.0905038118362427, -1.012223243713379, -2.7714016, -1.1457458, -1.1373852]}