{"id": 510, "sentence_nb": 45, "input_str": " Brian Close: The combative brave-heart of cricket\n\nBrian Close, who passed away on September 14, 2015, was one of", "correct_token_is_a": false, "logp_a": [-3.927009344100952, -3.626992702484131, -3.929734706878662], "logp_the": [-0.019899139180779457, -0.026956165209412575, -0.019844448193907738]}