{"id": 567, "sentence_nb": 52, "input_str": " After writing about the football finances of the SEC and Big Ten, it's", "correct_token_is_a": false, "logp_a": [-2.4466347694396973, -3.9741151332855225, -4.0772223472595215, -8.409637, -7.025222, -7.135046], "logp_the": [-3.118617534637451, -5.447099685668945, -5.5198798179626465, -10.400714, -8.978805, -7.7271757]}