{"id": 543, "sentence_nb": 50, "input_str": " Update\n\nKevin Pietersen obviously read", "correct_token_is_a": false, "logp_a": [-2.019263744354248, -3.2646546363830566, -3.3422598838806152, -1.0987425, -4.65348, -4.489382], "logp_the": [-1.4698690176010132, -1.0358184576034546, -1.2510885000228882, -3.061362, -1.5263681, -1.5705147]}