{"id": 581, "sentence_nb": 54, "input_str": " OAKLAND \u2014 Four members of a crew filming a television reality show in downtown Oakland were robbed at gunpoint Monday night of $50,000 worth of equipment and personal items, according to a victim and authorities.\n\nThe head of", "correct_token_is_a": false, "logp_a": [-1.371638536453247, -2.632789134979248, -3.027843952178955, -0.4354146, -5.118074, -3.6707542], "logp_the": [-0.5670979619026184, -0.563842236995697, -0.47271963953971863, -1.1194336, -0.14129268, -0.38306704]}