{"id": 551, "sentence_nb": 51, "input_str": " Photo\n\nBen Carson, the retired neurosurgeon who is", "correct_token_is_a": true, "logp_a": [-2.597214460372925, -3.766765594482422, -3.291903018951416, -9.34315, -5.330956, -2.745377], "logp_the": [-3.1106088161468506, -2.693767547607422, -2.9667840003967285, -7.2836814, -4.5584803, -3.6403286]}