{"id": 595, "sentence_nb": 55, "input_str": " Training the mind will allow you to do", "correct_token_is_a": false, "logp_a": [-2.5566563606262207, -2.8984570503234863, -3.505107879638672, -4.726873, -5.5009212, -5.4461656], "logp_the": [-2.684591770172119, -2.85087251663208, -2.991527557373047, -3.72093, -2.5045302, -3.3482049]}