{"id": 552, "sentence_nb": 51, "input_str": " Photo\n\nBen Carson, the retired neurosurgeon who is a leading Republican presidential contender, has intensified his defense of gun rights in response to last week\u2019s Oregon campus massacre, arguing that", "correct_token_is_a": false, "logp_a": [-2.6198830604553223, -3.566570281982422, -3.492321014404297, -11.212676, -5.679836, -4.8822737], "logp_the": [-1.622205138206482, -1.3845635652542114, -1.8627128601074219, -0.03927483, -0.7990716, -0.9228631]}