{"id": 599, "sentence_nb": 55, "input_str": " Training the mind will allow you to do the little things, that when done on a consistent basis, make all the difference. You will create mental toughness and you will create an inner discipline. This new found inner discipline will allow you to do the right thing when others are not and it will allow you to continue to improve when others are not. Discipline is also contagious.\n\nOne of", "correct_token_is_a": false, "logp_a": [-5.7461419105529785, -7.907400608062744, -7.442246437072754, -22.055998, -14.597792, -14.089627], "logp_the": [-0.5033966302871704, -0.10641829669475555, -0.20897765457630157, -0.00041578274, -0.07607723, -0.029832868]}