{"id": 588, "sentence_nb": 51, "input_str": "[BEGIN] In 2012, two seasoned scholars shared the Nobel Memorial Prize in Economic Sciences for their research on designing markets. Lloyd Shapley had developed theoretical methods to create stable matches in unstable markets. Alvin Roth had taken the theory", "correct_token_is_a": false, "logp_a": [-0.5370800495147705, -1.3630266189575195, -0.8377949595451355], "logp_the": [-0.8781578540802002, -0.2955598533153534, -0.5668026804924011]}