{"id": 521, "sentence_nb": 49, "input_str": " (Beirut) \u2013 Egyptian military forces in", "correct_token_is_a": false, "logp_a": [-4.494704723358154, -2.9882240295410156, -4.303714752197266, -12.69647, -3.9222307, -3.9621377], "logp_the": [-2.129488468170166, -1.2276573181152344, -1.0277749300003052, -4.6036835, -1.2104992, -0.7093604]}