{"id": 528, "sentence_nb": 49, "input_str": " (Beirut) \u2013 Egyptian military forces in the northern Sinai Peninsula executed at least two and as many as eight unarmed detainees and covered up the killings to make it appear that the victims were armed \u201cterrorists\u201d shot to death in a raid, Human Rights Watch said today. Video of the killings, aired by a television channel aligned with the Muslim Brotherhood and based in Turkey on April 20, 2017, appears to show", "correct_token_is_a": true, "logp_a": [-2.4740352630615234, -2.1574959754943848, -3.189652442932129, -2.6890104, -4.9033985, -5.1370583], "logp_the": [-1.6694221496582031, -1.4558053016662598, -2.0965967178344727, -2.8001268, -2.4479673, -1.9275788]}