{"id": 51, "sentence_nb": 5, "input_str": " Notice:\n\n\u30fbBefore use, please check the Compatibility section below.\n\n\u30fbThis application is compatible up to iOS 10.2. Unsupported devices may not run the game properly. Please be aware of this when switching devices or updating your OS.\n\n\u30fbPlease use the latest application version for online play. If you cannot play with other players, please confirm that you are using", "correct_token_is_a": false, "logp_a": [-3.7370028495788574, -2.0001978874206543, -2.25675630569458, -6.7577085, -2.557153, -8.602894], "logp_the": [-0.910804271697998, -0.644248366355896, -0.37512636184692383, -0.0011627384, -0.3927538, -0.0038683342]}