{"id": 583, "sentence_nb": 54, "input_str": " OAKLAND \u2014 Four members of a crew filming a television reality show in downtown Oakland were robbed at gunpoint Monday night of $50,000 worth of equipment and personal items, according to a victim and authorities.\n\nThe head of the crew said he was thrown up against a wall and that he and", "correct_token_is_a": false, "logp_a": [-2.4645774364471436, -2.5197434425354004, -2.5449094772338867, -14.894306, -7.040316, -3.8917592], "logp_the": [-2.4391677379608154, -2.694784641265869, -1.9964855909347534, -2.1206236, -2.925522, -1.6419736]}