{"id": 51, "sentence_nb": 4, "input_str": " Like some ghastly chapter out of The Twits by Roald Dahl (where Mr Twit glues the branches of his tree to catch birds to make a pie), New Zealand has its own bird-catching tree.\n\nThe parapara tree or Pisonia brunoniana is a New Zealand native and", "correct_token_is_a": true, "logp_a": [-0.567414402961731, -0.5948600769042969, -0.6221147179603577], "logp_the": [-0.8369933366775513, -0.8021583557128906, -0.7696138024330139]}