{"id": 59, "sentence_nb": 6, "input_str": " Illustration credit: Sam Woolley\n\nLet\u2019s get this out of", "correct_token_is_a": false, "logp_a": [-3.3006415367126465, -8.685803413391113, -8.953935623168945, -20.729355, -22.158161, -21.151154], "logp_the": [-0.9100708961486816, -0.01542425062507391, -0.0021842687856405973, -1.4377073e-05, -2.4986643e-05, -0.00015553238]}