{"id": 552, "sentence_nb": 48, "input_str": "[BEGIN] BOSTON - Genuine debate on marijuana policy and how the legal pot industry should look in Massachusetts is likely coming from the Cannabis Control Commission", "correct_token_is_a": false, "logp_a": [-1.5028083324432373, -0.734420120716095, -0.7356234192848206], "logp_the": [-0.25167733430862427, -0.6535103917121887, -0.6524019837379456]}