{"id": 535, "sentence_nb": 47, "input_str": " Mr. Sarkozy, speaking Monday at the Sorbonne, where a daylong symposium on the report was under way just two weeks before the next Group of 20 summit meeting, said he would encourage other countries to examine its findings as well.\n\n\u201cFrance will put this on the agenda of all of", "correct_token_is_a": false, "logp_a": [-4.20287561416626, -5.824986457824707, -7.214134216308594], "logp_the": [-0.015065458603203297, -0.0029572586063295603, -0.0007363230688497424]}