{"id": 512, "sentence_nb": 45, "input_str": "[BEGIN] Brian Close: The combative brave-heart of cricket\n\nBrian Close, who passed away on September 14, 2015, was one of the toughest men to have played the game. Arunabha Sengupta pays homage", "correct_token_is_a": false, "logp_a": [-2.0199873447418213, -2.383580207824707, -3.0246732234954834], "logp_the": [-0.142320916056633, -0.09675300121307373, -0.04979301616549492]}