{"id": 576, "sentence_nb": 50, "input_str": " It is time to confront Canada\u2019s staple trap\n\nCanadian postcard, 1907\n\nForbidden to text while driving, you can waste your time checking", "correct_token_is_a": false, "logp_a": [-1.669692873954773, -1.7432342767715454, -1.6331992149353027], "logp_the": [-0.20863044261932373, -0.19231566786766052, -0.21729044616222382]}