{"id": 576, "sentence_nb": 53, "input_str": " This cigar was reviewed blind (no bands) by", "correct_token_is_a": true, "logp_a": [-3.0524039268493652, -2.0248985290527344, -0.004422051832079887, -2.6924412, -0.15426007, -0.00376955], "logp_the": [-1.3129782676696777, -2.394359588623047, -7.455548286437988, -0.11681115, -7.03779, -9.715786]}