{"id": 516, "sentence_nb": 48, "input_str": " James \u201cWhitey\u201d Bulger was sentenced Thursday to two consecutive terms of life in prison by a judge who lamented his misplaced mythology in a city that has proven as resilient as Boston. Moments later, in his orange jumpsuit, Bulger gave his lawyer an awkward embrace and shuffled silently out of", "correct_token_is_a": false, "logp_a": [-2.4633030891418457, -3.990201711654663, -3.804208517074585, -11.860253, -7.2435665, -6.24565], "logp_the": [-1.4689736366271973, -0.42056435346603394, -0.41333943605422974, -0.0013931696, -0.047527142, -0.046591252]}