{"id": 599, "sentence_nb": 52, "input_str": "[BEGIN] Tasers have been fired more than 1,000 times since 2004 Up to 30,000 police officers across all forces in England and Wales are to be trained to use Taser stun guns. Currently, only specialist firearms officers carry the weapon, which can temporarily", "correct_token_is_a": true, "logp_a": [-1.1612348556518555, -0.2115788757801056, -0.29595255851745605], "logp_the": [-0.3755655288696289, -1.6570820808410645, -1.3618857860565186]}