{"id": 577, "sentence_nb": 53, "input_str": " This cigar was reviewed blind (no bands) by a panel of at least 4 reviewers. They did not know what they were smoking beforehand. The scores are an average of all", "correct_token_is_a": false, "logp_a": [-6.136198043823242, -6.026439189910889, -15.085882186889648, -15.106553, -16.421982, -21.134836], "logp_the": [-2.0425424575805664, -1.1399874687194824, -0.0026298719458281994, -3.634787, -3.169852, -0.057102606]}