{"id": 547, "sentence_nb": 50, "input_str": " Update\n\nKevin Pietersen obviously read the below story, given the tweet he posted after England capitulated to lose the second Test against India at Lord\u2019s.\n\nDon't blame me...blame the ghosts! \u2014 Kevin Pietersen (@KP24) July 21, 2014\n\nHaha England and ghosts now that's funny, I think @BrettLee_58 has", "correct_token_is_a": true, "logp_a": [-2.236950159072876, -2.2961435317993164, -2.381152391433716, -4.074356, -0.5135102, -1.9653571], "logp_the": [-3.5248348712921143, -4.038102149963379, -3.9178802967071533, -7.712448, -4.0066705, -2.1618407]}