{"id": 594, "sentence_nb": 55, "input_str": " Training", "correct_token_is_a": false, "logp_a": [-6.98626708984375, -4.994466304779053, -4.7714433670043945, -12.728699, -5.56184, -7.007615], "logp_the": [-6.4683942794799805, -4.443837642669678, -3.888451337814331, -12.414464, -4.9780316, -6.488769]}