{"id": 578, "sentence_nb": 54, "input_str": " OAKLAND \u2014 Four members of", "correct_token_is_a": true, "logp_a": [-3.4715192317962646, -1.9684600830078125, -1.3078007698059082, -0.3513749, -0.8648182, -1.1909726], "logp_the": [-0.5221489071846008, -0.8943290114402771, -0.8725410103797913, -2.077277, -0.73783803, -0.5491307]}