{"id": 52, "sentence_nb": 4, "input_str": " Like some ghastly chapter out of The Twits by Roald Dahl (where Mr Twit glues the branches of his tree to catch birds to make a pie), New Zealand has its own bird-catching tree.\n\nThe parapara tree or Pisonia brunoniana is a New Zealand native and a member of", "correct_token_is_a": false, "logp_a": [-2.8811120986938477, -2.538696050643921, -3.400665283203125], "logp_the": [-0.057705823332071304, -0.08226186782121658, -0.03391994908452034]}