{"id": 657, "sentence_nb": 57, "input_str": "[BEGIN] \u201cBabushka Dogs\u201d have been all over Instagram and other social media and you can understand why.", "correct_token_is_a": false, "logp_a": [-0.28542301058769226, -0.41529321670532227, -0.5893237590789795], "logp_the": [-1.3931024074554443, -1.0792412757873535, -0.8090121746063232]}