{"id": 644, "sentence_nb": 56, "input_str": " The first day of Dota 2 Champions League has ended and already has there been upsets. For those of you who didn\u2019t watch the event here is a short recap of today\u2019s games.\n\nBURDEN UNITED VS. TEAM EMPIRE\n\nGame one is quite", "correct_token_is_a": false, "logp_a": [-0.16273416578769684, -0.338471919298172, -0.20268899202346802], "logp_the": [-1.895900845527649, -1.2477812767028809, -1.6957156658172607]}