{"id": 686, "sentence_nb": 62, "input_str": " \"Lewis Reed\" redirects here. For the St. Louis alderman, see Lewis E. Reed\n\nLewis Allan Reed (March 2, 1942 \u2013 October 27, 2013) was an American musician, singer and songwriter. He was the lead guitarist, singer and principal songwriter for the rock band the Velvet Underground and also had a solo career that spanned five decades. The Velvet Underground achieved little commercial success during their existence, but are now regarded as one of", "correct_token_is_a": false, "logp_a": [-2.637798309326172, -6.894295692443848, -7.501176834106445, -16.784355, -15.22107, -13.944529], "logp_the": [-0.40683087706565857, -0.10612566769123077, -0.11656392365694046, -0.00011082348, -0.0032917408, -0.00036515848]}