{"id": 633, "sentence_nb": 55, "input_str": " Last week we put together", "correct_token_is_a": true, "logp_a": [-0.18694989383220673, -0.13772915303707123, -0.1608218103647232], "logp_the": [-1.7689334154129028, -2.0505404472351074, -1.9067915678024292]}