{"id": 667, "sentence_nb": 61, "input_str": " A fresh effort from", "correct_token_is_a": true, "logp_a": [-4.082271099090576, -3.172194480895996, -3.03841495513916, -4.4018817, -2.0453541, -3.6197162], "logp_the": [-1.2705634832382202, -1.2557438611984253, -1.5200128555297852, -0.3908943, -1.0963508, -0.9708703]}