{"id": 695, "sentence_nb": 63, "input_str": " The third Sansar preview \u2013 and the second in a week \u2013 almost slipped by me, as I\u2019ve been otherwise engaged in numerous things. And that would have been a shame had I missed it, as it offers", "correct_token_is_a": true, "logp_a": [-1.1039180755615234, -1.054983377456665, -1.0680599212646484, -0.6267795, -0.3181216, -0.63114697], "logp_the": [-2.8807764053344727, -2.902296304702759, -3.5575084686279297, -11.241395, -6.495979, -5.216208]}