{"id": 627, "sentence_nb": 58, "input_str": " Prime Minister Jacinda Ardern is swatting away claims her refusal to release \u201cnotes\u201d on what Labour and New Zealand First explored when entering into", "correct_token_is_a": true, "logp_a": [-1.9619195461273193, -1.6831262111663818, -1.1023979187011719, -6.526972, -0.6043988, -2.1019983], "logp_the": [-0.8584268689155579, -1.6690385341644287, -2.49322509765625, -5.375539, -2.8782356, -5.39698]}