{"id": 668, "sentence_nb": 61, "input_str": " A fresh effort from a Muslim women\u2019s organisation seeking to further codify", "correct_token_is_a": false, "logp_a": [-2.5968308448791504, -3.1998491287231445, -2.8719022274017334, -9.517579, -5.4940295, -4.9177375], "logp_the": [-1.9422849416732788, -1.5504121780395508, -1.8594434261322021, -6.1590877, -2.2714455, -2.588035]}