{"id": 696, "sentence_nb": 60, "input_str": "[BEGIN] It looked just like an infomercial, but with a lot more frowning.\n\nIn an example of Orwellian newspeak, the CNN show The Lead with Jake Tapper took on Architects and Engineers for 9/11 Truth over its decision to distribute information pamphlets", "correct_token_is_a": false, "logp_a": [-2.9572436809539795, -1.7921648025512695, -1.3102765083312988], "logp_the": [-0.05336058884859085, -0.1822405308485031, -0.3143620789051056]}