{"id": 643, "sentence_nb": 59, "input_str": " As I was running out of space in my column last Sunday, I suggested without elaboration that the Democrats need an \u201chonest, hopeful\u201d approach to future campaigns. Some readers \u2014 quite reasonably \u2014 found that glib. But I\u2019m the wrong person to sketch", "correct_token_is_a": true, "logp_a": [-5.139418601989746, -2.8619089126586914, -2.4625861644744873, -6.7697444, -5.0748167, -3.797825], "logp_the": [-3.7563745975494385, -2.893418312072754, -3.0383384227752686, -5.714072, -6.398305, -5.4809933]}