{"id": 66, "sentence_nb": 5, "input_str": " First published Wed Jul 28, 2010; substantive revision Thu Jan 22, 2015\n\nPhilosophical discussions of mental illness fall into three families. First, there are topics that arise when we treat psychiatry as a special science and deal with it using", "correct_token_is_a": false, "logp_a": [-0.9667124152183533, -0.6923311948776245, -0.9736828804016113], "logp_the": [-0.4785704016685486, -0.693963885307312, -0.4743161201477051]}