{"id": 617, "sentence_nb": 57, "input_str": " Kate Darling likes to ask you to do terrible things to cute robots. At", "correct_token_is_a": true, "logp_a": [-2.289536476135254, -3.281977653503418, -3.201536178588867, -11.061162, -3.5571616, -5.4806547], "logp_the": [-1.4470176696777344, -1.6945525407791138, -1.7112101316452026, -3.5976696, -2.4616692, -2.9858599]}