{"id": 672, "sentence_nb": 61, "input_str": " A fresh effort from a Muslim women\u2019s organisation seeking to further codify the way Islamic law is applied in India takes an unusual position: it calls for a ban on polygamy. The law drafted by the Bharatiya Muslim Mahila Andolan, aimed at further codifying Islamic legal provisions regarding marriage, first set down after the famous Shah Bano case, would make all polygamous marriages illegal.\n\nIn calling for", "correct_token_is_a": true, "logp_a": [-1.365422010421753, -0.7588883638381958, -0.6398137807846069, -0.110468686, -0.7565181, -0.4407895], "logp_the": [-1.4807775020599365, -1.7736207246780396, -1.817201018333435, -14.866505, -2.882998, -1.9397614]}