{"id": 694, "sentence_nb": 60, "input_str": " It looked just like an infomercial, but with", "correct_token_is_a": true, "logp_a": [-0.7484963536262512, -0.28803762793540955, -0.2509486675262451], "logp_the": [-0.6407015919685364, -1.3852285146713257, -1.5053584575653076]}