{"id": 644, "sentence_nb": 59, "input_str": " As I was running out of space in my column last Sunday, I suggested without elaboration that the Democrats need an \u201chonest, hopeful\u201d approach to future campaigns. Some readers \u2014 quite reasonably \u2014 found that glib. But I\u2019m the wrong person to sketch a platform for Democrats, because, as an independent, I\u2019m not one. (Admittedly, that hasn\u2019t stopped Bernie Sanders.)\n\nWill Marshall is", "correct_token_is_a": true, "logp_a": [-2.0571959018707275, -0.9612765908241272, -1.0417509078979492, -6.13845, -1.7199256, -0.9599323], "logp_the": [-2.2643425464630127, -1.4892687797546387, -1.6455984115600586, -3.99949, -1.180211, -1.3846793]}