{"id": 651, "sentence_nb": 60, "input_str": " Thousands of plane trees along", "correct_token_is_a": false, "logp_a": [-4.276458740234375, -2.9547078609466553, -3.023484468460083, -7.1087856, -3.6148925, -2.2725136], "logp_the": [-0.7640790939331055, -0.5153005719184875, -0.8806259632110596, -0.018157268, -0.12574865, -0.4546832]}