{"id": 610, "sentence_nb": 53, "input_str": " As an alumnus of San Diego State, I can attest to the fact that most people I know connected to the university love", "correct_token_is_a": false, "logp_a": [-1.1393016576766968, -4.468674182891846, -4.188176155090332], "logp_the": [-0.38572487235069275, -0.011528657749295235, -0.01529018860310316]}