{"id": 6, "sentence_nb": 0, "input_str": " Early concept art for Geomon in 2011\n\nLocation-based Pok\u00e9mon \u2014 An \u201cInsider\u2019s\u201d View\n\nIvan Lee Blocked Unblock Follow Following Jul 14, 2016\n\n\u201cAre you familiar with Pok\u00e9mon? It\u2019s a game based on capturing and collecting pets from around the world. Now, imagine if these animals were mapped onto our actual surroundings \u2014 playing on the beach, you could find a sea dragon; exploring the arctic tundra, you\u2019d find a snow wolf. My friends and I are basically re-creating Pok\u00e9mon\u2026 but in real life!\u201d\n\nI pitched this premise thousands of times in 2010 for", "correct_token_is_a": true, "logp_a": [-2.6889498233795166, -1.330001950263977, -1.548794150352478, -0.0805711, -0.36172795, -1.447167], "logp_the": [-2.0441582202911377, -2.240966796875, -2.2842679023742676, -5.7034593, -4.0977125, -3.4286642]}