{"id": 626, "sentence_nb": 54, "input_str": " FRESNO, Calif. -- A man wanted in the slaying of a security guard set out to kill as many white people as he could on Tuesday, gunning down three men on", "correct_token_is_a": false, "logp_a": [-0.8449998497962952, -0.5337518453598022, -0.3199261426925659], "logp_the": [-0.5613427758216858, -0.8828576803207397, -1.2953671216964722]}