{"id": 632, "sentence_nb": 58, "input_str": " Prime Minister Jacinda Ardern is swatting away claims her refusal to release \u201cnotes\u201d on what Labour and New Zealand First explored when entering into a coalition agreement, shows a lack of transparency.\n\nThe Leader of the Opposition Bill English on Monday morning had a go at the Government for declining an Official Information Act request to release", "correct_token_is_a": false, "logp_a": [-2.4209518432617188, -2.716965913772583, -3.3238518238067627, -5.681675, -4.092387, -4.2461305], "logp_the": [-1.6659612655639648, -2.0986721515655518, -1.9089195728302002, -4.1804748, -1.1537294, -0.28957453]}