{"id": 634, "sentence_nb": 55, "input_str": "[BEGIN] Last week we put together a list of Android tablet apps to help you (or your relatives)", "correct_token_is_a": false, "logp_a": [-1.4716150760650635, -0.9742336869239807, -0.7516651153564453], "logp_the": [-0.2607862949371338, -0.47398191690444946, -0.6378650665283203]}