{"id": 625, "sentence_nb": 54, "input_str": "[BEGIN] FRESNO, Calif. -- A man wanted in the slaying", "correct_token_is_a": true, "logp_a": [-0.409814715385437, -0.00860672164708376, -0.027337975800037384], "logp_the": [-1.089969515800476, -4.759507179260254, -3.6131153106689453]}