{"id": 695, "sentence_nb": 60, "input_str": "[BEGIN] It looked just like an infomercial, but with a lot more frowning.\n\nIn an example of Orwellian newspeak", "correct_token_is_a": false, "logp_a": [-0.9956017732620239, -1.161710500717163, -1.0829441547393799], "logp_the": [-0.46124374866485596, -0.375348836183548, -0.41339224576950073]}