{"id": 608, "sentence_nb": 56, "input_str": " In my book, Future Files, I highlighted 5 trends as being among the major drivers of change for the foreseeable future. In this post I\u2019d like to re-visit these 5 trends to highlight a few ways in which our world is changing. I should stress right away that these forces are relatively well known. It\u2019s", "correct_token_is_a": false, "logp_a": [-1.5504534244537354, -3.149616241455078, -3.1039466857910156, -12.621931, -6.660383, -7.82141], "logp_the": [-3.386423349380493, -3.9819297790527344, -3.841571807861328, -6.438998, -5.956087, -2.427688]}