{"id": 652, "sentence_nb": 60, "input_str": " Thousands of plane trees along the banks of", "correct_token_is_a": false, "logp_a": [-4.427627086639404, -4.782623767852783, -4.540610313415527, -9.592715, -5.5256886, -3.4535184], "logp_the": [-0.9877487421035767, -0.11750060319900513, -0.3510984182357788, -0.00088696484, -0.01171175, -0.114319585]}