{"id": 610, "sentence_nb": 56, "input_str": " In my book, Future Files, I highlighted 5 trends as being among the major drivers of change for the foreseeable future. In this post I\u2019d like to re-visit these 5 trends to highlight a few ways in which our world is changing. I should stress right away that these forces are relatively well known. It\u2019s the implications that are so often missed, so what I\u2019d like to concentrate on here is the \u201cand so?\u201d bit.\n\nadvertisement\n\nadvertisement\n\nFact #1: Of all", "correct_token_is_a": false, "logp_a": [-6.860306739807129, -7.924997329711914, -7.642691612243652, -13.538622, -14.450229, -15.26263], "logp_the": [-1.775590181350708, -0.2564125061035156, -0.5439479947090149, -0.3867985, -0.09008435, -0.21115837]}