{"id": 60, "sentence_nb": 6, "input_str": " Illustration credit: Sam Woolley\n\nLet\u2019s get this out of the way: Pok\u00e9mon Go is meant for walking. But where I live, it\u2019s also upwards of 100 degrees outside right now. And besides, walking? This is America; that\u2019s for suckers. But for those tempted to play", "correct_token_is_a": false, "logp_a": [-3.154116630554199, -3.8280203342437744, -3.5479369163513184, -10.957323, -7.3499737, -8.389515], "logp_the": [-3.5594310760498047, -1.9503881931304932, -1.3840956687927246, -0.31106943, -0.85592455, -1.9357963]}