{"id": 683, "sentence_nb": 62, "input_str": " \"Lewis Reed\" redirects here. For the St. Louis alderman, see Lewis E. Reed\n\nLewis Allan Reed (March 2, 1942 \u2013 October 27, 2013) was an American musician, singer and songwriter. He was the lead guitarist, singer and principal songwriter for", "correct_token_is_a": false, "logp_a": [-3.4303536415100098, -4.1413655281066895, -5.062238693237305, -10.693718, -8.407332, -11.564317], "logp_the": [-1.1072508096694946, -0.6989714503288269, -0.9677790403366089, -0.0035309163, -0.017014999, -0.012526952]}