{"id": 670, "sentence_nb": 61, "input_str": " A fresh effort from a Muslim women\u2019s organisation seeking to further codify the way Islamic law is applied in India takes an unusual position: it calls for a ban on polygamy. The law drafted by", "correct_token_is_a": false, "logp_a": [-1.9909886121749878, -2.489819288253784, -2.9763858318328857, -10.088316, -3.0283792, -5.6055336], "logp_the": [-1.0494650602340698, -0.7891662120819092, -0.5868328213691711, -1.0552386, -0.11001049, -0.28617048]}