{"id": 682, "sentence_nb": 62, "input_str": " \"Lewis Reed\" redirects here. For the St. Louis alderman, see Lewis E. Reed\n\nLewis Allan Reed (March 2, 1942 \u2013 October 27, 2013) was an American musician, singer and songwriter. He was", "correct_token_is_a": false, "logp_a": [-1.2594568729400635, -2.1954185962677, -2.0585057735443115, -7.0973043, -1.7628555, -2.3046527], "logp_the": [-2.789698839187622, -2.224745988845825, -1.9377248287200928, -0.23168306, -2.1800597, -0.40812027]}