{"id": 693, "sentence_nb": 63, "input_str": " The third Sansar preview \u2013 and the second in", "correct_token_is_a": true, "logp_a": [-2.7467007637023926, -1.6710690259933472, -0.9837087392807007, -1.6206601, -1.2450231, -1.5272154], "logp_the": [-1.146938681602478, -1.5426052808761597, -2.2369132041931152, -1.1412425, -0.9280289, -2.0512395]}