{"id": 609, "sentence_nb": 53, "input_str": " As an alumnus of San Diego State, I can attest to the fact that most people I know connected to", "correct_token_is_a": false, "logp_a": [-1.5775511264801025, -3.672084093093872, -4.211055278778076], "logp_the": [-0.2312767058610916, -0.0257522352039814, -0.014941800385713577]}