{"id": 622, "sentence_nb": 57, "input_str": " Kate Darling likes to ask you to do terrible things to cute robots. At a workshop she organised this year, Darling asked people to play with a Pleo robot, a child\u2019s toy dinosaur. The soft green Pleo has trusting eyes and affectionate movements. When you take one out of the box, it acts like a helpless newborn puppy \u2013 it can\u2019t walk and you have to teach it about", "correct_token_is_a": false, "logp_a": [-2.814146041870117, -4.809090614318848, -5.122061729431152, -9.021538, -8.549542, -8.33901], "logp_the": [-1.8203600645065308, -2.9922726154327393, -2.3026955127716064, -1.3478001, -0.056987755, -1.9972574]}