{"id": 655, "sentence_nb": 60, "input_str": " Thousands of plane trees along the banks of the Canal du Midi, a Unesco heritage site, will have to be cut down because of a deadly fungus\n\nIf you want to revel in", "correct_token_is_a": false, "logp_a": [-2.6598217487335205, -3.1647114753723145, -2.472517967224121, -18.50125, -2.6334586, -2.3776515], "logp_the": [-0.8790905475616455, -0.5644384622573853, -0.9486493468284607, -3.9055147e-05, -0.12129462, -0.54223746]}