{"id": 65, "sentence_nb": 7, "input_str": " First Year Jaguars Owner Makes Rookie Mistake or Wise Business Move?\n\nAlex Dunlap, Rosterwatch.com\n\nNew Jaguars owner Shahid Khan has an epic mustache and is an international Man of Mystery. To the shock of many,", "correct_token_is_a": false, "logp_a": [-3.751873016357422, -5.13297176361084, -4.820076942443848, -5.023728, -8.399952, -9.420481], "logp_the": [-2.7862205505371094, -2.515944242477417, -2.3680813312530518, -1.1472895, -3.4752579, -4.570854]}