{"id": 68, "sentence_nb": 7, "input_str": " First Year Jaguars Owner Makes Rookie Mistake or Wise Business Move?\n\nAlex Dunlap, Rosterwatch.com\n\nNew Jaguars owner Shahid Khan has an epic mustache and is an international Man of Mystery. To the shock of many, the league\u2019s newest member of the Billionaire Boys Club got on board with GM Gene Smith to draft a punter with", "correct_token_is_a": false, "logp_a": [-2.4826412200927734, -1.6349276304244995, -1.8783586025238037, -4.1906276, -2.698361, -7.2424903], "logp_the": [-1.8928776979446411, -1.172784686088562, -1.883004903793335, -3.896328, -0.6468195, -0.017413888]}