{"id": 692, "sentence_nb": 63, "input_str": " The third Sansar preview \u2013 and", "correct_token_is_a": false, "logp_a": [-3.7740702629089355, -3.0492615699768066, -3.458693742752075, -7.402843, -4.217804, -3.2714813], "logp_the": [-2.1420483589172363, -1.536756992340088, -1.4067070484161377, -0.87013584, -1.1516098, -0.93499845]}