{"id": 671, "sentence_nb": 61, "input_str": " A fresh effort from a Muslim women\u2019s organisation seeking to further codify the way Islamic law is applied in India takes an unusual position: it calls for a ban on polygamy. The law drafted by the Bharatiya Muslim Mahila Andolan, aimed at further codifying Islamic legal provisions regarding marriage, first set down after", "correct_token_is_a": false, "logp_a": [-2.1895368099212646, -3.3200252056121826, -3.6130833625793457, -7.2596006, -3.7021391, -2.9686277], "logp_the": [-1.4742333889007568, -0.6318996548652649, -0.5914196968078613, -0.28467727, -0.28581378, -0.3165898]}