{"id": 660, "sentence_nb": 60, "input_str": " Thousands of plane trees along the banks of the Canal du Midi, a Unesco heritage site, will have to be cut down because of a deadly fungus\n\nIf you want to revel in the dappled shade of the most beautiful canopy of plane trees in Europe, go now. It is likely that in 20 years' time, not one of the 42,000 trees currently stretching along the banks of the Canal du Midi, which winds from Toulouse to", "correct_token_is_a": false, "logp_a": [-7.308720111846924, -7.131253242492676, -7.557973861694336, -10.992983, -8.185529, -10.713734], "logp_the": [-4.2197747230529785, -2.6919071674346924, -4.039838790893555, -7.4543595, -2.7107859, -1.8494521]}