{"id": 620, "sentence_nb": 57, "input_str": " Kate Darling likes to ask you to do terrible things to cute robots. At a workshop she organised this year, Darling asked people to play with a Pleo robot, a child\u2019s toy dinosaur. The soft green Pleo has trusting eyes and affectionate movements. When you take one out of", "correct_token_is_a": false, "logp_a": [-2.410785675048828, -3.2175776958465576, -4.197351932525635, -17.009897, -7.862428, -8.380154], "logp_the": [-1.0490045547485352, -1.3128116130828857, -1.0038459300994873, -0.0024196135, -2.8779924, -0.17971662]}