{"id": 636, "sentence_nb": 55, "input_str": "[BEGIN] Last week we put together a list of Android tablet apps to help you (or your relatives) outfit the new devices sitting under your trees (or your Festivus poles, if that's more your style.) Ars readers are a helpful bunch, though, and all of you put", "correct_token_is_a": true, "logp_a": [-0.1035224199295044, -0.42434820532798767, -0.17799529433250427], "logp_the": [-2.319281578063965, -1.0618833303451538, -1.8136764764785767]}