{"id": 64, "sentence_nb": 7, "input_str": " First Year Jaguars Owner Makes Rookie Mistake or Wise Business Move?\n\nAlex Dunlap, Rosterwatch.com\n\nNew Jaguars owner Shahid Khan has an epic mustache and is an international Man of Mystery. To", "correct_token_is_a": false, "logp_a": [-4.133604526519775, -5.375749588012695, -5.239110946655273, -4.6045337, -4.5002284, -6.73132], "logp_the": [-4.319753170013428, -3.623552083969116, -3.858236312866211, -8.373569, -3.7992141, -3.7200418]}