{"id": 683, "sentence_nb": 59, "input_str": " The United States government owns 47 percent of all land in the West. In some states, including Oregon, Utah and Nevada, the majority of land is owned by", "correct_token_is_a": false, "logp_a": [-1.307913899421692, -2.1735405921936035, -2.9967288970947266], "logp_the": [-0.31523624062538147, -0.12078334391117096, -0.05124089494347572]}