{"id": 607, "sentence_nb": 56, "input_str": " In my book, Future Files, I highlighted 5 trends as being among the major drivers of change for the foreseeable future. In this post I\u2019d like to re-visit these 5 trends to highlight", "correct_token_is_a": true, "logp_a": [-3.301990509033203, -3.0555410385131836, -2.9327659606933594, -11.467303, -2.4971936, -3.5382288], "logp_the": [-1.057173728942871, -1.4568318128585815, -1.8531759977340698, -7.751288, -3.3496208, -3.5963163]}