{"id": 629, "sentence_nb": 58, "input_str": " Prime Minister Jacinda Ardern is swatting away claims her refusal to release \u201cnotes\u201d on what Labour and New Zealand First explored when entering into a coalition agreement, shows a lack of transparency.\n\nThe Leader of", "correct_token_is_a": false, "logp_a": [-5.209627628326416, -5.960605621337891, -8.598479270935059, -11.944154, -13.210143, -12.256431], "logp_the": [-0.9351363182067871, -0.13399477303028107, -0.026823872700333595, -0.44892618, -0.36635324, -0.06718208]}