{"id": 656, "sentence_nb": 60, "input_str": " Thousands of plane trees along the banks of the Canal du Midi, a Unesco heritage site, will have to be cut down because of a deadly fungus\n\nIf you want to revel in the dappled shade of", "correct_token_is_a": false, "logp_a": [-2.182373523712158, -3.101912021636963, -1.7958768606185913, -0.009442624, -2.9946063, -2.6194172], "logp_the": [-1.663398265838623, -1.0227724313735962, -1.3683713674545288, -9.91369, -5.987914, -8.460035]}