{"id": 658, "sentence_nb": 57, "input_str": "[BEGIN] \u201cBabushka Dogs\u201d have been all over Instagram and other social media and you can understand why. As the images below will soon make it clear \u2014 these dogs are as cute as any you\u2019ve seen.\n\nThe world \u201cbabushka\u201d means \u201cgrandmother or elderly woman\u201d in Russian, BuzzFeed reminds us, but here in North America it is usually used to", "correct_token_is_a": true, "logp_a": [-0.2723409831523895, -0.3719852566719055, -0.20761393010616302], "logp_the": [-1.4337823390960693, -1.1691348552703857, -1.674086570739746]}