{"id": 643, "sentence_nb": 56, "input_str": " The first day of Dota 2 Champions League has ended and already has there been upsets. For those of you who didn\u2019t watch the event here is", "correct_token_is_a": true, "logp_a": [-0.7799339294433594, -0.7326949834823608, -0.5202423334121704], "logp_the": [-0.6132946014404297, -0.6551040410995483, -0.9023300409317017]}