{"id": 681, "sentence_nb": 62, "input_str": " \"Lewis Reed\" redirects here. For the St. Louis", "correct_token_is_a": true, "logp_a": [-11.034688949584961, -10.188379287719727, -9.99663257598877, -6.945039, -10.885253, -9.098769], "logp_the": [-10.330103874206543, -9.76396369934082, -10.194226264953613, -10.486618, -9.967049, -11.863144]}