{"id": 619, "sentence_nb": 57, "input_str": " Kate Darling likes to ask you to do terrible things to cute robots. At a workshop she organised this year, Darling asked people to play with a Pleo robot,", "correct_token_is_a": true, "logp_a": [-3.017918586730957, -2.044184923171997, -1.8985402584075928, -7.7263336, -5.6318836, -1.8503217], "logp_the": [-4.138219833374023, -4.326220512390137, -4.306194305419922, -13.477182, -7.0210104, -5.3992968]}