{"id": 628, "sentence_nb": 58, "input_str": " Prime Minister Jacinda Ardern is swatting away claims her refusal to release \u201cnotes\u201d on what Labour and New Zealand First explored when entering into a coalition agreement, shows", "correct_token_is_a": true, "logp_a": [-2.27864933013916, -2.384490489959717, -1.9310752153396606, -7.067768, -2.701963, -1.1399128], "logp_the": [-1.9816161394119263, -2.7335963249206543, -2.9929494857788086, -7.750713, -5.426089, -6.615342]}