{"id": 669, "sentence_nb": 61, "input_str": " A fresh effort from a Muslim women\u2019s organisation seeking to further codify the way Islamic law is applied in India takes an unusual position: it calls for", "correct_token_is_a": true, "logp_a": [-2.2392144203186035, -1.6292043924331665, -2.3566091060638428, -3.0333104, -1.9979936, -1.4247177], "logp_the": [-2.1526131629943848, -1.673897385597229, -1.608691930770874, -2.5521598, -0.52521306, -1.309836]}