{"id": 681, "sentence_nb": 59, "input_str": "[BEGIN] The United States government owns 47 percent of all land", "correct_token_is_a": false, "logp_a": [-3.9842164516448975, -5.061532020568848, -5.659450531005859], "logp_the": [-0.01878226362168789, -0.00635602418333292, -0.0034905478823930025]}