{"id": 694, "sentence_nb": 63, "input_str": " The third Sansar preview \u2013 and the second in a week \u2013 almost slipped by me, as I\u2019ve been otherwise engaged in numerous things. And that would have been", "correct_token_is_a": true, "logp_a": [-2.7677438259124756, -1.9034483432769775, -2.156541347503662, -4.6935263, -0.05697791, -0.043110628], "logp_the": [-3.6237332820892334, -2.4243223667144775, -3.547990322113037, -2.3866796, -6.418679, -6.3513627]}