{"id": 631, "sentence_nb": 58, "input_str": " Prime Minister Jacinda Ardern is swatting away claims her refusal to release \u201cnotes\u201d on what Labour and New Zealand First explored when entering into a coalition agreement, shows a lack of transparency.\n\nThe Leader of the Opposition Bill English on Monday morning had a go at", "correct_token_is_a": false, "logp_a": [-1.86502206325531, -3.8832449913024902, -4.018418312072754, -11.610348, -11.534133, -9.390239], "logp_the": [-1.073952078819275, -1.4827474355697632, -1.694596529006958, -5.58741, -0.533356, -1.2959414]}