{"id": 618, "sentence_nb": 57, "input_str": " Kate Darling likes to ask you to do terrible things to cute robots. At a workshop she organised this year, Darling asked people to play with", "correct_token_is_a": true, "logp_a": [-2.4112648963928223, -1.9924311637878418, -1.4673469066619873, -0.069501385, -1.7134639, -0.6353947], "logp_the": [-2.2802481651306152, -2.768714427947998, -3.085747480392456, -3.4705975, -3.8860803, -3.3515353]}