{"id": 65, "sentence_nb": 5, "input_str": "[BEGIN] First published Wed Jul 28, 2010; substantive revision Thu Jan 22, 2015\n\nPhilosophical discussions of mental illness fall into three families. First, there are topics that arise when we treat psychiatry", "correct_token_is_a": true, "logp_a": [-0.16653765738010406, -0.0389503538608551, -0.03190421313047409], "logp_the": [-1.8746474981307983, -3.2648797035217285, -3.460927963256836]}