{"id": 605, "sentence_nb": 56, "input_str": " In my book, Future Files, I highlighted 5 trends as being among", "correct_token_is_a": false, "logp_a": [-3.653975009918213, -5.936909198760986, -6.839715003967285, -26.154654, -14.402441, -10.6501875], "logp_the": [-0.5482200384140015, -0.1513257920742035, -0.1115807443857193, -6.827632e-08, -0.0013114592, -0.06853896]}