{"id": 641, "sentence_nb": 59, "input_str": " As I was running out of space in my column last Sunday, I suggested without elaboration that", "correct_token_is_a": false, "logp_a": [-4.270280838012695, -3.514012098312378, -3.5850296020507812, -4.2599354, -2.3455124, -3.4602344], "logp_the": [-2.5563747882843018, -2.2051360607147217, -1.9383010864257812, -0.62230355, -1.4594393, -1.2757863]}