{"id": 606, "sentence_nb": 56, "input_str": " In my book, Future Files, I highlighted 5 trends as being among the major drivers of change for", "correct_token_is_a": false, "logp_a": [-3.939404010772705, -3.8917980194091797, -5.019668102264404, -10.072018, -9.2848, -9.624672], "logp_the": [-1.6496742963790894, -1.149969220161438, -1.3306118249893188, -1.7544609, -0.09001965, -0.33677053]}