{"id": 642, "sentence_nb": 56, "input_str": " The first day of Dota 2 Champions League has ended and already has there been upsets. For those of you who didn\u2019t watch", "correct_token_is_a": false, "logp_a": [-1.8387229442596436, -3.621579170227051, -4.459043979644775], "logp_the": [-0.17318792641162872, -0.027104452252388, -0.011640955694019794]}