{"id": 653, "sentence_nb": 60, "input_str": " Thousands of plane trees along the banks of the Canal du Midi,", "correct_token_is_a": true, "logp_a": [-1.9720134735107422, -2.468937635421753, -2.4010751247406006, -4.77891, -2.7471476, -2.649045], "logp_the": [-2.0636892318725586, -2.518170118331909, -2.997617483139038, -3.704556, -3.2639494, -3.1402316]}