{"id": 630, "sentence_nb": 58, "input_str": " Prime Minister Jacinda Ardern is swatting away claims her refusal to release \u201cnotes\u201d on what Labour and New Zealand First explored when entering into a coalition agreement, shows a lack of transparency.\n\nThe Leader of the Opposition Bill English on Monday morning had", "correct_token_is_a": true, "logp_a": [-3.0213112831115723, -2.934417963027954, -3.086792230606079, -6.064431, -7.787964, -3.337319], "logp_the": [-3.7525153160095215, -3.8825762271881104, -4.013824462890625, -5.0449524, -8.248779, -7.4211783]}