{"id": 627, "sentence_nb": 54, "input_str": "[BEGIN] FRESNO, Calif. -- A man wanted in the slaying of a security guard set out to kill as many white people as he could on Tuesday, gunning down three men on the streets of downtown Fresno before he was captured and admitted", "correct_token_is_a": false, "logp_a": [-0.6427643895149231, -1.2634282112121582, -1.1992191076278687], "logp_the": [-0.7462037205696106, -0.33223772048950195, -0.35871922969818115]}