{"id": 611, "sentence_nb": 53, "input_str": " As an alumnus of San Diego State, I can attest to the fact that most people I know connected to the university love the Aztec mascot and have no problem with him whatsoever.\n\nCase in point: I was at", "correct_token_is_a": false, "logp_a": [-1.472754955291748, -0.8005369901657104, -0.46589910984039307], "logp_the": [-0.2604469656944275, -0.5961798429489136, -0.9877077341079712]}