{"id": 654, "sentence_nb": 60, "input_str": " Thousands of plane trees along the banks of the Canal du Midi, a Unesco heritage site, will have to be cut down because of", "correct_token_is_a": true, "logp_a": [-1.9675750732421875, -2.1682722568511963, -2.3863143920898438, -8.003935, -1.3227342, -0.7665386], "logp_the": [-1.568593978881836, -1.3065855503082275, -2.3461227416992188, -0.003920689, -0.8296278, -1.2365916]}