{"id": 696, "sentence_nb": 63, "input_str": " The third Sansar preview \u2013 and the second in a week \u2013 almost slipped by me, as I\u2019ve been otherwise engaged in numerous things. And that would have been a shame had I missed it, as it offers a perspective on Sansar from none other than Maxwell Graf.\n\nI\u2019m bound to be biased here, as I\u2019ve known Max for", "correct_token_is_a": true, "logp_a": [-2.565964698791504, -1.4438244104385376, -1.6062190532684326, -2.3955984, -1.1193881, -0.98439497], "logp_the": [-2.0306758880615234, -3.3328166007995605, -4.5894880294799805, -12.130399, -10.612862, -7.3272743]}