{"id": 680, "sentence_nb": 62, "input_str": " \"Lewis Reed\" redirects here. For", "correct_token_is_a": false, "logp_a": [-3.0308003425598145, -4.468898773193359, -4.672094345092773, -11.951296, -7.7766814, -8.0169525], "logp_the": [-1.7673211097717285, -1.1721839904785156, -0.3880232870578766, -8.598091, -0.8220776, -0.29942417]}