{"id": 790, "sentence_nb": 69, "input_str": " One of", "correct_token_is_a": false, "logp_a": [-4.7160139083862305, -5.227108955383301, -5.8374714851379395], "logp_the": [-0.008991112001240253, -0.005383518058806658, -0.002920412225648761]}