{"id": 786, "sentence_nb": 72, "input_str": " An artist\u2019s rendition of the comet exploding in Earth\u2019s atmosphere above Egypt 28 million years ago.\n\nA team of scientists claims to have found the first-ever definitive evidence of", "correct_token_is_a": true, "logp_a": [-2.407543182373047, -1.5929486751556396, -1.568982481956482, -1.9124389, -0.63236696, -0.64780843], "logp_the": [-0.37938493490219116, -1.3884503841400146, -2.0805792808532715, -3.4116435, -4.951984, -3.3406289]}