{"id": 762, "sentence_nb": 66, "input_str": "[BEGIN] BEIRUT (Reuters) - The United States said on Saturday it would keep F-16 fighters and Patriot missiles in Jordan at Amman\u2019s request, and Russia bristled at the possibility they could be used to", "correct_token_is_a": true, "logp_a": [-0.8536132574081421, -0.45112287998199463, -0.27651455998420715], "logp_the": [-0.5549052953720093, -1.0131117105484009, -1.420565128326416]}