{"id": 751, "sentence_nb": 68, "input_str": " Last week\u2019s premature and untimely death of Michael Hastings produced numerous reflections on the loss of the hard-charging, courtesy-defying, convention-resisting, prickly-querying, and discomfort-inducing reporter. Embedded within the remembrances are a lesson and", "correct_token_is_a": true, "logp_a": [-2.1798362731933594, -1.0892796516418457, -0.8733646869659424, -0.09968293, -0.36174977, -0.12206816], "logp_the": [-2.809311866760254, -4.576172351837158, -4.808392524719238, -10.845368, -8.595209, -8.803539]}