{"id": 727, "sentence_nb": 66, "input_str": " Every day, without fail, they hear the familiar tooting of the van's horn to tell them that their bread has arrived. But this is", "correct_token_is_a": false, "logp_a": [-1.5340924263000488, -2.457543134689331, -2.549321174621582, -6.7481203, -6.9141617, -7.2452073], "logp_the": [-1.5557169914245605, -2.8997962474823, -2.965359687805176, -6.2985563, -6.664168, -5.4341626]}