{"id": 737, "sentence_nb": 67, "input_str": " The anxious expectation that nothing will happen, that capitalism will go on indefinitely, the desperate demand to do something, to revolutionize capitalism, is a fake. The will to revolutionary change emerges as an urge, as an \"I cannot do it otherwise,\" or it is worthless. With regard to Bernard Williams's distinction between Ought and Must, an authentic revolution is by definition performed as", "correct_token_is_a": true, "logp_a": [-0.6946339011192322, -0.9078413248062134, -1.0022517442703247, -0.012344267, -0.7853565, -0.32740843], "logp_the": [-3.212022304534912, -2.5833630561828613, -3.3675317764282227, -10.402657, -5.029739, -6.338182]}