{"id": 713, "sentence_nb": 65, "input_str": " Update: This story is now confirmed by EW.\n\nIn Star Wars: The Last Jedi one of the new worlds is code named or possibly even called \u201cCrait.\u201d The world appears to be", "correct_token_is_a": true, "logp_a": [-2.1286754608154297, -1.6044639348983765, -1.8255871534347534, -5.5411916, -0.78016686, -0.42876664], "logp_the": [-1.8653353452682495, -3.0414681434631348, -3.1666746139526367, -0.64714205, -5.8629026, -3.9636118]}