{"id": 724, "sentence_nb": 62, "input_str": "[BEGIN] At the state agency responsible for protecting Texans from pollution, a cadre of scientists is now marshaling its arguments to fight tougher federal standards on ozone levels \u2014 even as the overwhelming majority of the scientific community heads", "correct_token_is_a": false, "logp_a": [-2.826218366622925, -3.081587076187134, -3.0428051948547363], "logp_the": [-0.06106343865394592, -0.04697251319885254, -0.04887605831027031]}