{"id": 78, "sentence_nb": 8, "input_str": " It\u2019s Tuesday morning and I\u2019m lying in bed in", "correct_token_is_a": false, "logp_a": [-3.6484904289245605, -2.380241632461548, -2.1958842277526855, -1.9242673, -2.222051, -1.863759], "logp_the": [-2.153341770172119, -1.708446741104126, -2.244079113006592, -3.7348914, -4.328745, -2.7290199]}