{"id": 770, "sentence_nb": 71, "input_str": " 1 of 21 Full Screen Autoplay Close Skip Ad \u00d7 Visual treasures and tradition in Japan\u2019s Kanazawa View Photos Once known for geishas and teahouses, this town has one of", "correct_token_is_a": false, "logp_a": [-3.213949680328369, -7.03026008605957, -7.621976375579834, -20.202763, -6.9741516, -13.778303], "logp_the": [-0.8470920324325562, -0.32040390372276306, -0.5037221908569336, -0.003551969, -0.15440801, -0.32102644]}