{"id": 723, "sentence_nb": 62, "input_str": " At the state agency responsible for protecting Texans from pollution, a cadre of scientists is now marshaling its arguments to fight tougher federal standards on ozone levels \u2014 even as the overwhelming majority of", "correct_token_is_a": false, "logp_a": [-3.3860347270965576, -4.660635948181152, -4.623604774475098], "logp_the": [-0.03442846238613129, -0.00950548890978098, -0.009865809231996536]}