{"id": 752, "sentence_nb": 65, "input_str": " THIS much Nina Funnell knows about the man who held a box-cutter blade to her throat on an autumn's evening in May 2007.\n\nShe knows he had an olive complexion. She knows he had bushy eyebrows and a five o\u2019clock shadow. She knows \u2013 although she cringes at", "correct_token_is_a": false, "logp_a": [-0.9352544546127319, -4.644933223724365, -5.139650821685791], "logp_the": [-0.49838006496429443, -0.00965662207454443, -0.005876999814063311]}