{"id": 706, "sentence_nb": 64, "input_str": " Follow Antony\n\n\n\n2013 Renault Zoe electric car\n\nThe Nissan Leaf and Chevy Volt might be leading plug-in car sales in the U.S, but in Europe one in two electric cars sold as a Renault.\n\nThat doesn't mean high sales of course, but it means Renault has a foothold in", "correct_token_is_a": true, "logp_a": [-3.1777453422546387, -2.8230667114257812, -2.74041485786438, -17.428726, -3.0146964, -2.9150217], "logp_the": [-0.6734814643859863, -1.0567169189453125, -0.7478153109550476, -3.7684315e-06, -0.12586553, -0.37964287]}