{"id": 753, "sentence_nb": 68, "input_str": " Last week\u2019s premature and untimely death of Michael Hastings produced numerous reflections on the loss of the hard-charging, courtesy-defying, convention-resisting, prickly-querying, and discomfort-inducing reporter. Embedded within the remembrances are a lesson and a cautionary tale for women in the workplace:", "correct_token_is_a": true, "logp_a": [-3.4975128173828125, -4.9963884353637695, -5.466423988342285, -11.7004385, -8.25543, -9.035433], "logp_the": [-3.6094508171081543, -3.548405647277832, -4.185334205627441, -9.941626, -4.5883985, -6.783241]}