{"id": 750, "sentence_nb": 65, "input_str": "[BEGIN] THIS much Nina Funnell knows about the man who", "correct_token_is_a": true, "logp_a": [-0.6610453128814697, -2.716472864151001, -2.22568941116333], "logp_the": [-0.7263138294219971, -0.06839396059513092, -0.11428127437829971]}