{"id": 728, "sentence_nb": 66, "input_str": " Every day, without fail, they hear the familiar tooting of the van's horn to tell them that their bread has arrived. But this is the last week that residents of Serangoon Gardens and Seletar Hills Estate will receive that familiar greeting from Mr Foo Kee See.\n\nMr Foo, 78, known fondly as Uncle Bread, will be surrendering", "correct_token_is_a": false, "logp_a": [-3.4384942054748535, -4.027597904205322, -5.000152111053467, -10.725213, -9.980348, -11.000389], "logp_the": [-2.0595812797546387, -2.229982852935791, -2.2443079948425293, -2.0775008, -3.3602054, -2.6005492]}