{"id": 749, "sentence_nb": 68, "input_str": " Last week\u2019s premature and untimely death of Michael Hastings produced numerous reflections on the loss of the hard-charging, courtesy-defying, convention-resisting, prickly-querying, and discomfort-inducing reporter. Embedded within", "correct_token_is_a": false, "logp_a": [-2.3578763008117676, -3.844827651977539, -4.148013114929199, -14.381509, -5.3018084, -6.7760725], "logp_the": [-1.0156244039535522, -1.541330337524414, -1.4544057846069336, -0.20159243, -1.1770918, -2.8216763]}