{"id": 726, "sentence_nb": 66, "input_str": " Every day, without fail, they hear the familiar tooting of", "correct_token_is_a": false, "logp_a": [-2.975527286529541, -1.935236930847168, -1.328567624092102, -1.442387, -0.3283872, -0.33917803], "logp_the": [-1.183194637298584, -0.6665524840354919, -1.2846776247024536, -0.6736205, -1.86466, -1.4763162]}