{"id": 787, "sentence_nb": 72, "input_str": " An artist\u2019s rendition of the comet exploding in Earth\u2019s atmosphere above Egypt 28 million years ago.\n\nA team of scientists claims to have found the first-ever definitive evidence of a comet striking Earth.\n\nAfter conducting", "correct_token_is_a": true, "logp_a": [-1.2360200881958008, -1.4982097148895264, -1.6315540075302124, -3.0199392, -0.7151507, -0.28993142], "logp_the": [-1.1811456680297852, -3.701166868209839, -3.2883992195129395, -8.857147, -4.879818, -7.7533174]}