{"id": 791, "sentence_nb": 69, "input_str": " One of the main differences between mobile applications and websites is that you can use", "correct_token_is_a": false, "logp_a": [-1.0904309749603271, -1.0083997249603271, -0.8754372000694275], "logp_the": [-0.40958094596862793, -0.45381903648376465, -0.5390190482139587]}