{"id": 722, "sentence_nb": 62, "input_str": "[BEGIN] At the state agency responsible for protecting Texans from pollution, a cadre of scientists is now marshaling its arguments to fight tougher federal standards on ozone levels \u2014 even", "correct_token_is_a": false, "logp_a": [-0.7007182836532593, -1.7961339950561523, -2.0664472579956055], "logp_the": [-0.6856330633163452, -0.18144890666007996, -0.13540160655975342]}