{"id": 750, "sentence_nb": 68, "input_str": " Last week\u2019s premature and untimely death of Michael Hastings produced numerous reflections on the loss of the hard-charging, courtesy-defying, convention-resisting, prickly-querying, and discomfort-inducing reporter. Embedded within the remembrances are", "correct_token_is_a": true, "logp_a": [-3.2663092613220215, -2.644749641418457, -2.599524736404419, -1.2500887, -1.5585762, -1.9528383], "logp_the": [-3.4874138832092285, -2.5098085403442383, -3.1522819995880127, -5.2592554, -1.7997586, -3.7251225]}