{"id": 788, "sentence_nb": 72, "input_str": " An artist\u2019s rendition of the comet exploding in Earth\u2019s atmosphere above Egypt 28 million years ago.\n\nA team of scientists claims to have found the first-ever definitive evidence of a comet striking Earth.\n\nAfter conducting a series of analyses,", "correct_token_is_a": false, "logp_a": [-2.802903175354004, -3.3392903804779053, -2.7072806358337402, -18.823547, -5.677043, -6.2347546], "logp_the": [-0.6139191389083862, -1.0892980098724365, -1.3242276906967163, -0.003984001, -0.60325354, -0.20693836]}