{"id": 781, "sentence_nb": 68, "input_str": "[BEGIN] On of my professor at university quite often told us that \u201cMarketing is bullshit\u201d. He reasoned that marketing never tells", "correct_token_is_a": false, "logp_a": [-0.9953378438949585, -1.3168727159500122, -1.6964695453643799], "logp_the": [-0.46139848232269287, -0.31193652749061584, -0.20251969993114471]}