{"id": 712, "sentence_nb": 65, "input_str": " Update: This story is now confirmed by EW.\n\nIn Star Wars: The Last Jedi one of", "correct_token_is_a": false, "logp_a": [-4.858319282531738, -6.388395309448242, -7.030937671661377, -17.779598, -10.454755, -12.212984], "logp_the": [-0.5449120998382568, -0.16940274834632874, -0.24544382095336914, -0.00017210613, -0.070743755, -0.042274345]}