{"id": 79, "sentence_nb": 8, "input_str": " It\u2019s Tuesday morning and I\u2019m lying in bed in the athlete village and this is", "correct_token_is_a": false, "logp_a": [-1.6591694355010986, -3.626708745956421, -4.277528285980225, -6.9279146, -4.797675, -6.9708505], "logp_the": [-1.7458460330963135, -1.6807324886322021, -2.0421385765075684, -5.696486, -2.1781256, -3.6845145]}