{"id": 773, "sentence_nb": 71, "input_str": " 1 of 21 Full Screen Autoplay Close Skip Ad \u00d7 Visual treasures and tradition in Japan\u2019s Kanazawa View Photos Once known for geishas and teahouses, this town has one of the most beautiful gardens in the country. Caption Once known for geishas and teahouses, this town has one of the most beautiful gardens in", "correct_token_is_a": false, "logp_a": [-6.068856716156006, -9.219246864318848, -8.662158012390137, -22.58043, -19.652914, -23.305779], "logp_the": [-1.345909833908081, -0.0010312244994565845, -0.0007662221323698759, -3.076318e-07, -9.65175e-05, -0.00026588395]}