{"id": 704, "sentence_nb": 64, "input_str": " Follow Antony\n\n\n\n2013 Renault Zoe electric car\n\nThe Nissan Leaf and Chevy Volt might be leading plug-in car sales in the U.S, but in Europe one in two electric cars sold as", "correct_token_is_a": true, "logp_a": [-1.920978307723999, -2.6138765811920166, -3.775918483734131, -6.211347, -4.8067937, -9.817543], "logp_the": [-2.258099317550659, -5.2337646484375, -5.14364767074585, -7.0195756, -7.3794317, -11.944575]}