{"id": 791, "sentence_nb": 72, "input_str": " An artist\u2019s rendition of the comet exploding in Earth\u2019s atmosphere above Egypt 28 million years ago.\n\nA team of scientists claims to have found the first-ever definitive evidence of a comet striking Earth.\n\nAfter conducting a series of analyses, the researchers determined that a mysterious black pebble discovered years ago in the Egyptian desert is", "correct_token_is_a": true, "logp_a": [-2.010897159576416, -2.6807668209075928, -2.586177349090576, -11.48956, -5.5695057, -2.5467298], "logp_the": [-3.364403247833252, -1.269000768661499, -1.6458086967468262, -0.2902445, -1.7557976, -3.3691027]}