{"id": 725, "sentence_nb": 66, "input_str": " Every day, without fail, they hear", "correct_token_is_a": false, "logp_a": [-2.1994760036468506, -2.576155662536621, -2.896122932434082, -5.7836995, -3.1182415, -1.8981531], "logp_the": [-2.567234754562378, -1.6992331743240356, -2.3616151809692383, -5.493138, -2.6088448, -1.3472974]}