{"id": 784, "sentence_nb": 72, "input_str": " An artist\u2019s rendition of", "correct_token_is_a": false, "logp_a": [-3.7275562286376953, -2.0980749130249023, -2.2663402557373047, -1.6440268, -0.89584756, -1.4228144], "logp_the": [-0.9989749193191528, -1.2363461256027222, -1.0603464841842651, -0.23061852, -0.9576534, -0.8239472]}