{"id": 720, "sentence_nb": 62, "input_str": "[BEGIN]", "correct_token_is_a": false, "logp_a": [-1.0250804424285889, -1.5992252826690674, -1.2976452112197876], "logp_the": [-0.4443633258342743, -0.2257130742073059, -0.31906858086586]}