{"id": 721, "sentence_nb": 62, "input_str": " At the state agency responsible for protecting Texans from pollution,", "correct_token_is_a": true, "logp_a": [-1.3470966815948486, -2.88143253326416, -1.1282353401184082], "logp_the": [-0.3010970950126648, -0.0576866939663887, -0.3909763693809509]}