{"id": 790, "sentence_nb": 72, "input_str": " An artist\u2019s rendition of the comet exploding in Earth\u2019s atmosphere above Egypt 28 million years ago.\n\nA team of scientists claims to have found the first-ever definitive evidence of a comet striking Earth.\n\nAfter conducting a series of analyses, the researchers determined that a mysterious black pebble discovered years ago in", "correct_token_is_a": false, "logp_a": [-1.8112784624099731, -2.270167350769043, -2.348358631134033, -10.259316, -3.261909, -1.1154227], "logp_the": [-0.9468575716018677, -0.9320555329322815, -1.1832166910171509, -8.754823, -1.9548866, -1.9552882]}