{"id": 713, "sentence_nb": 61, "input_str": " Four gender-equality campaigners share their views on feminism and the backlash against women's rights. What do you think?\n\nRuby Johnson and Devi Leiper O'Malley\n\nFrida:", "correct_token_is_a": false, "logp_a": [-1.236755132675171, -1.330702304840088, -1.1366119384765625], "logp_the": [-0.342947781085968, -0.30692145228385925, -0.3869934380054474]}