{"id": 747, "sentence_nb": 68, "input_str": " Last week\u2019s premature and untimely death of Michael Hastings produced numerous reflections on", "correct_token_is_a": false, "logp_a": [-3.156996250152588, -4.645493507385254, -4.775017261505127, -11.339854, -6.5320997, -5.9707885], "logp_the": [-0.85086590051651, -0.6127330660820007, -0.8015826344490051, -0.0024138773, -0.40461218, -0.8656176]}