{"id": 743, "sentence_nb": 64, "input_str": " Four more dangerous and congested level crossings will be gone early next year, well ahead of schedule.\n\nActing Premier Jacinta Allan today announced", "correct_token_is_a": true, "logp_a": [-0.9074222445487976, -1.3111151456832886, -1.5470622777938843], "logp_the": [-0.5167819857597351, -0.3140524625778198, -0.23936496675014496]}