{"id": 73, "sentence_nb": 6, "input_str": "[BEGIN] BY: Follow @@Cam_Cawthorne\n\n\n\nFox News host Sean Hannity on Wednesday night instructed conservative commentator Tomi Lahren, who was making her debut as a contributor", "correct_token_is_a": false, "logp_a": [-2.4097187519073486, -1.775134563446045, -4.063743591308594], "logp_the": [-0.09413551539182663, -0.18567994236946106, -0.017333919182419777]}