{"id": 761, "sentence_nb": 66, "input_str": "[BEGIN] BEIRUT (Reuters) - The United States said on Saturday it would keep F-16 fighters and Patriot missiles in Jordan at Amman\u2019s request, and Russia bristled", "correct_token_is_a": false, "logp_a": [-1.6946381330490112, -1.19611394405365, -0.9063123464584351], "logp_the": [-0.20293132960796356, -0.36006200313568115, -0.5175336599349976]}