{"id": 792, "sentence_nb": 69, "input_str": " One of the main differences between mobile applications and websites is that you can use the mobile app even if you\u2019re offline, but you have to be online to use", "correct_token_is_a": true, "logp_a": [-2.920717239379883, -3.375910520553589, -2.605699062347412], "logp_the": [-0.05540170148015022, -0.03478498011827469, -0.07672064751386642]}