{"id": 735, "sentence_nb": 67, "input_str": " The anxious expectation that nothing will happen, that capitalism will go on indefinitely,", "correct_token_is_a": false, "logp_a": [-3.2537214756011963, -6.7149152755737305, -6.492926120758057, -11.20583, -9.411334, -7.0479965], "logp_the": [-3.0813190937042236, -5.2017621994018555, -5.949610233306885, -10.5876, -8.839108, -7.149965]}