{"id": 771, "sentence_nb": 67, "input_str": "[BEGIN] Los Angeles Mayor Eric Garcetti, left, introduces Ali Vayeghan, an Iranian citizen", "correct_token_is_a": true, "logp_a": [-0.4735918641090393, -0.2512875199317932, -0.1270298957824707], "logp_the": [-0.9748774170875549, -1.504171371459961, -2.1261754035949707]}