{"id": 751, "sentence_nb": 65, "input_str": " THIS much Nina Funnell knows about the man who held a box-cutter blade to her throat on an autumn's evening in May 2007.\n\nShe knows he had an olive complexion. She knows he had bushy eyebrows and", "correct_token_is_a": true, "logp_a": [-0.42588725686073303, -0.090501569211483, -0.09532710909843445], "logp_the": [-1.0589781999588013, -2.4472978115081787, -2.397725820541382]}