{"id": 792, "sentence_nb": 72, "input_str": " An artist\u2019s rendition of the comet exploding in Earth\u2019s atmosphere above Egypt 28 million years ago.\n\nA team of scientists claims to have found the first-ever definitive evidence of a comet striking Earth.\n\nAfter conducting a series of analyses, the researchers determined that a mysterious black pebble discovered years ago in the Egyptian desert is a piece of", "correct_token_is_a": true, "logp_a": [-2.8839523792266846, -2.941581964492798, -2.3680200576782227, -9.173258, -2.7596216, -2.1255105], "logp_the": [-2.260911226272583, -1.925823450088501, -2.352158546447754, -4.6444283, -0.64562917, -0.39201015]}