{"id": 703, "sentence_nb": 64, "input_str": " Follow Antony\n\n\n\n2013 Renault Zoe electric car\n\nThe Nissan Leaf and Chevy Volt might be leading plug-in car sales in", "correct_token_is_a": false, "logp_a": [-3.6644153594970703, -4.4428606033325195, -5.537235736846924, -14.689184, -11.252768, -13.132333], "logp_the": [-1.5705041885375977, -0.8752107620239258, -0.41872844099998474, -0.6471972, -0.06212904, -0.06664993]}