{"id": 748, "sentence_nb": 68, "input_str": " Last week\u2019s premature and untimely death of Michael Hastings produced numerous reflections on the loss of", "correct_token_is_a": false, "logp_a": [-2.5529937744140625, -2.060147762298584, -1.7249481678009033, -3.777005, -0.89623857, -0.86042005], "logp_the": [-2.0195789337158203, -2.0329794883728027, -2.816912889480591, -7.8204465, -5.484875, -4.9329295]}