{"id": 793, "sentence_nb": 69, "input_str": " One of the main differences between mobile applications and websites is that you can use the mobile app even if you\u2019re offline, but you have to be online to use a website.\n\nRight?\n\nThis is one of", "correct_token_is_a": false, "logp_a": [-4.116390228271484, -5.986797332763672, -2027077.875], "logp_the": [-0.01643758825957775, -0.0025148927234113216, -2027071.5]}