{"id": 794, "sentence_nb": 72, "input_str": " An artist\u2019s rendition of the comet exploding in Earth\u2019s atmosphere above Egypt 28 million years ago.\n\nA team of scientists claims to have found the first-ever definitive evidence of a comet striking Earth.\n\nAfter conducting a series of analyses, the researchers determined that a mysterious black pebble discovered years ago in the Egyptian desert is a piece of a comet nucleus \u2014 the first ever discovered.\n\n\"It\u2019s", "correct_token_is_a": true, "logp_a": [-1.634732961654663, -1.486873984336853, -1.898983120918274, -1.3863293, -1.0212518, -1.4486064], "logp_the": [-3.6309545040130615, -2.1538891792297363, -1.930294156074524, -8.414734, -3.8746684, -2.3798254]}