{"id": 734, "sentence_nb": 63, "input_str": " Former CIA Director Hayden: We Didn't Lie About Interrogation Program. Torture Report: Yeah, You Did. REPEATEDLY.\n\nfrom", "correct_token_is_a": false, "logp_a": [-3.2659413814544678, -1.7396351099014282, -2.6893742084503174], "logp_the": [-0.03890816122293472, -0.19308055937290192, -0.07034031301736832]}