{"id": 736, "sentence_nb": 67, "input_str": " The anxious expectation that nothing will happen, that capitalism will go on indefinitely, the desperate demand to do something, to revolutionize capitalism, is", "correct_token_is_a": true, "logp_a": [-2.384735107421875, -2.466845989227295, -2.3833184242248535, -0.96975607, -1.5154674, -1.9453899], "logp_the": [-2.3882570266723633, -2.8641695976257324, -2.3561882972717285, -1.4728942, -1.1145351, -1.2234155]}