{"id": 72, "sentence_nb": 6, "input_str": "[BEGIN] BY: Follow @@Cam_Cawthorne\n\n\n\nFox News host Sean Hannity on Wednesday night instructed conservative commentator Tomi Lahren, who was making her debut", "correct_token_is_a": true, "logp_a": [-0.552293598651886, -0.1881578117609024, -0.15261933207511902], "logp_the": [-0.8571451306343079, -1.7630784511566162, -1.9551477432250977]}