{"id": 753, "sentence_nb": 65, "input_str": " THIS much Nina Funnell knows about the man who held a box-cutter blade to her throat on an autumn's evening in May 2007.\n\nShe knows he had an olive complexion. She knows he had bushy eyebrows and a five o\u2019clock shadow. She knows \u2013 although she cringes at the stereotype it encourages \u2013 that he spoke with", "correct_token_is_a": true, "logp_a": [-0.8450406193733215, -0.15155591070652008, -0.10198548436164856], "logp_the": [-0.5613120198249817, -1.9616221189498901, -2.333484172821045]}