{"id": 705, "sentence_nb": 64, "input_str": " Follow Antony\n\n\n\n2013 Renault Zoe electric car\n\nThe Nissan Leaf and Chevy Volt might be leading plug-in car sales in the U.S, but in Europe one in two electric cars sold as a Renault.\n\nThat doesn't mean high sales of course, but it means Renault has", "correct_token_is_a": true, "logp_a": [-1.6123602390289307, -2.1170856952667236, -2.7190394401550293, -3.4650722, -0.54677993, -1.2430704], "logp_the": [-3.1306498050689697, -3.448094606399536, -3.681548595428467, -1.4376597, -5.0746346, -4.1122994]}