{"id": 707, "sentence_nb": 64, "input_str": " Follow Antony\n\n\n\n2013 Renault Zoe electric car\n\nThe Nissan Leaf and Chevy Volt might be leading plug-in car sales in the U.S, but in Europe one in two electric cars sold as a Renault.\n\nThat doesn't mean high sales of course, but it means Renault has a foothold in a growing market, and one it isn't keen to let go of.\n\nAnd as part of its own brand strategy over", "correct_token_is_a": false, "logp_a": [-2.8813881874084473, -4.441798210144043, -5.589420795440674, -12.199242, -9.806592, -8.827053], "logp_the": [-1.005651831626892, -0.11310482770204544, -0.10210475325584412, -0.017826766, -0.02852657, -0.24502423]}