{"id": 752, "sentence_nb": 68, "input_str": " Last week\u2019s premature and untimely death of Michael Hastings produced numerous reflections on the loss of the hard-charging, courtesy-defying, convention-resisting, prickly-querying, and discomfort-inducing reporter. Embedded within the remembrances are a lesson and a cautionary tale for women in", "correct_token_is_a": false, "logp_a": [-3.541379690170288, -4.418812274932861, -4.345922946929932, -5.755619, -4.5035987, -7.3901415], "logp_the": [-0.7489469051361084, -1.226742148399353, -1.369322419166565, -0.8058705, -0.9607187, -0.2102883]}