{"id": 785, "sentence_nb": 72, "input_str": " An artist\u2019s rendition of the comet exploding in Earth\u2019s atmosphere above Egypt 28 million years ago.\n\nA team of scientists claims to have found", "correct_token_is_a": false, "logp_a": [-1.419596552848816, -1.215104103088379, -1.9695075750350952, -5.4571424, -3.6765578, -2.6131134], "logp_the": [-2.547553062438965, -1.6375131607055664, -1.6593002080917358, -0.71963745, -4.1989183, -2.30197]}