{"id": 708, "sentence_nb": 64, "input_str": " Follow Antony\n\n\n\n2013 Renault Zoe electric car\n\nThe Nissan Leaf and Chevy Volt might be leading plug-in car sales in the U.S, but in Europe one in two electric cars sold as a Renault.\n\nThat doesn't mean high sales of course, but it means Renault has a foothold in a growing market, and one it isn't keen to let go of.\n\nAnd as part of its own brand strategy over the next few years, there's", "correct_token_is_a": true, "logp_a": [-1.2811170816421509, -1.2899361848831177, -1.003847599029541, -8.457601, -0.6652608, -0.7531637], "logp_the": [-3.8332066535949707, -3.453937530517578, -3.2582345008850098, -13.436561, -4.210146, -6.404279]}