{"id": 759, "sentence_nb": 69, "input_str": " Pakistan has suddenly become interested in Delhi's pollution. The provincial government of Pakistani Punjab has come out in support of Delhi Chief Minister Arvind Kejriwal urging Punjab CM Captain Amarinder Singh to take steps to stop crop residue burning.\n\nResponding to a tweet put out by Arvind Kejriwal,", "correct_token_is_a": false, "logp_a": [-3.438371181488037, -2.8631105422973633, -3.5453240871429443, -4.9250383, -8.95171, -4.7553816], "logp_the": [-2.315514087677002, -1.808369755744934, -2.1212518215179443, -0.97598964, -3.4156406, -1.103571]}