{"id": 730, "sentence_nb": 66, "input_str": " Every day, without fail, they hear the familiar tooting of the van's horn to tell them that their bread has arrived. But this is the last week that residents of Serangoon Gardens and Seletar Hills Estate will receive that familiar greeting from Mr Foo Kee See.\n\nMr Foo, 78, known fondly as Uncle Bread, will be surrendering the keys to the 17-year-old Toyota HiAce he sells provisions out of, and calling it", "correct_token_is_a": true, "logp_a": [-1.181997299194336, -2.4667410850524902, -0.671077311038971, -0.7238143, -0.6690619, -0.007451672], "logp_the": [-1.418797492980957, -2.0114798545837402, -3.7099461555480957, -10.201559, -10.473263, -15.442432]}