{"id": 715, "sentence_nb": 65, "input_str": " Update: This story is now confirmed by EW.\n\nIn Star Wars: The Last Jedi one of the new worlds is code named or possibly even called \u201cCrait.\u201d The world appears to be a giant salt flat with stretches of large black volcanic rocks. The black rocks look red because there is smoldering lava seeping out of them. It should be noted the setting isn\u2019t like Mustafar from Revenge of", "correct_token_is_a": false, "logp_a": [-4.774930000305176, -9.687406539916992, -9.498639106750488, -24.751701, -17.798967, -16.254904], "logp_the": [-0.5432871580123901, -0.0028130742721259594, -0.004070925060659647, -0.0017627069, -0.014271191, -0.0027061522]}