{"id": 712, "sentence_nb": 61, "input_str": "[BEGIN] Four gender-equality campaigners share their views on feminism", "correct_token_is_a": false, "logp_a": [-2.793421506881714, -3.425757884979248, -3.6693105697631836], "logp_the": [-0.06316500902175903, -0.03306536003947258, -0.025824610143899918]}