{"id": 856, "sentence_nb": 75, "input_str": " The nation's nuclear weapons laboratories would be spun out of the Energy Department and become the center of an independent Agency for National Security Applications under", "correct_token_is_a": true, "logp_a": [-2.218035936355591, -1.5320466756820679, -0.2382361888885498], "logp_the": [-0.11521180719137192, -0.24346484243869781, -1.5512473583221436]}