{"id": 81, "sentence_nb": 8, "input_str": " It\u2019s Tuesday morning and I\u2019m lying in bed in the athlete village and this is the first real time I\u2019ve had to myself since the race,", "correct_token_is_a": false, "logp_a": [-4.052416801452637, -4.243271827697754, -4.34823751449585, -13.578562, -9.183783, -8.530037], "logp_the": [-3.6187329292297363, -3.39943790435791, -2.9811034202575684, -12.02662, -5.5852814, -6.004535]}