{"id": 809, "sentence_nb": 73, "input_str": " Volume is the quantity of three-dimensional space enclosed by a closed surface, for example, the space that a substance (solid, liquid, gas, or plasma) or shape occupies or contains.[1] Volume is often quantified numerically using the SI derived unit, the cubic metre. The volume of a container is generally understood to be the capacity of", "correct_token_is_a": false, "logp_a": [-1.0436489582061768, -1.212752342224121, -1.8154300451278687, -13.810759, -5.7881064, -10.40343], "logp_the": [-1.2633097171783447, -0.8843451142311096, -1.0269283056259155, -0.4109341, -0.1311666, -0.0049519544]}