{"id": 836, "sentence_nb": 76, "input_str": " A Russian hacking group began attacking U.S.-based policy think tanks within hours of Donald Trump's presidential election victory, according to cyber experts who suspect Moscow is seeking information on", "correct_token_is_a": false, "logp_a": [-2.895754814147949, -4.911337375640869, -4.832751750946045, -12.59226, -7.7872834, -9.210896], "logp_the": [-1.4957447052001953, -1.313520908355713, -1.3028675317764282, -0.058910545, -3.0055077, -1.21505]}