{"id": 823, "sentence_nb": 72, "input_str": " Eight teams in hockey have less points than games played, and it\u2019s not exactly", "correct_token_is_a": true, "logp_a": [-0.9626764059066772, -0.24459978938102722, -0.195623517036438], "logp_the": [-0.4810556173324585, -1.527940273284912, -1.7277814149856567]}