{"id": 862, "sentence_nb": 78, "input_str": " Even if we do not often say it, fans of literature often behave as though universality were the ultimate virtue. In part, this is a trick of perspective. Almost by definition,", "correct_token_is_a": false, "logp_a": [-2.848493814468384, -3.181767225265503, -2.784707546234131, -2.629712, -4.2456274, -2.8025455], "logp_the": [-1.9965593814849854, -2.2599074840545654, -2.5177016258239746, -8.153845, -2.8119442, -3.834667]}