{"id": 850, "sentence_nb": 77, "input_str": " The Southern Vampire Mysteries, also known as The True Blood Novels and The Sookie Stackhouse Novels, is a series of books written by bestselling author Charlaine Harris. The first installment, Dead Until Dark (2001), won the Anthony Award for Best Paperback Mystery in 2001 and later served as", "correct_token_is_a": false, "logp_a": [-1.6877591609954834, -1.5731934309005737, -1.3637070655822754, -9.585653, -2.6911511, -2.5503533], "logp_the": [-0.9988267421722412, -0.734822154045105, -0.572143018245697, -7.11223e-05, -0.08832807, -0.08455237]}