{"id": 801, "sentence_nb": 70, "input_str": " FORT MYERS, Fla. -- Boston Red Sox right-handed reliever Heath Hembree didn't pay a visit to", "correct_token_is_a": false, "logp_a": [-1.882244348526001, -3.138164520263672, -3.584760904312134], "logp_the": [-0.16516710817813873, -0.04433050379157066, -0.02813546732068062]}