{"id": 833, "sentence_nb": 73, "input_str": " The Sacred Nights of Antinous have come and gone again for 2013, and", "correct_token_is_a": true, "logp_a": [-1.5292779207229614, -2.3929619789123535, -2.647972345352173], "logp_the": [-0.24422943592071533, -0.09580479562282562, -0.07342547178268433]}