{"id": 855, "sentence_nb": 75, "input_str": "[BEGIN] The nation's nuclear weapons laboratories would be spun out of the Energy Department and", "correct_token_is_a": false, "logp_a": [-0.4100523293018341, -0.4551759958267212, -0.41364413499832153], "logp_the": [-1.0895004272460938, -1.006041169166565, -1.0824520587921143]}