{"id": 840, "sentence_nb": 74, "input_str": "[BEGIN] The Venture Bros.: A Meditation on Failure\n\nNostalgia is one", "correct_token_is_a": false, "logp_a": [-3.683469295501709, -5.916961669921875, -5.884559154510498], "logp_the": [-0.02545686438679695, -0.002697046147659421, -0.002785970689728856]}