{"id": 812, "sentence_nb": 71, "input_str": "[BEGIN] Photo: AP\n\nToday", "correct_token_is_a": false, "logp_a": [-0.8145461678504944, -1.3036630153656006, -1.7367112636566162], "logp_the": [-0.5849032998085022, -0.31681615114212036, -0.19370442628860474]}