{"id": 890, "sentence_nb": 81, "input_str": " Hello again friends! Here at my Pauper Flophouse of fun I bring you a variety of sweet Pauper decks and give them some quick and dirty brawls in the leagues. Hopefully showing off what the decks can do, having some sweet games and making suggestions on how to make things even better. Let\u2019s go!\n\nI\u2019m doing something", "correct_token_is_a": true, "logp_a": [-5.306422710418701, -1.8350839614868164, -2.180959939956665, -0.9016383, -0.8459069, -0.06802638], "logp_the": [-6.950601100921631, -6.213723182678223, -6.403470993041992, -10.873566, -10.021533, -12.986819]}