{"id": 805, "sentence_nb": 73, "input_str": " Volume is the quantity of three-dimensional space enclosed by a closed surface, for example, the space that a substance (solid, liquid, gas, or plasma) or shape occupies or contains.[1] Volume is often quantified numerically using", "correct_token_is_a": false, "logp_a": [-2.275758743286133, -2.2609758377075195, -2.5226588249206543, -0.045327872, -2.7716825, -4.487535], "logp_the": [-1.4681406021118164, -0.9992035627365112, -1.1563029289245605, -3.8422027, -1.2973555, -0.22390564]}