{"id": 800, "sentence_nb": 70, "input_str": " FORT MYERS, Fla. -- Boston Red Sox right-handed reliever Heath Hembree didn't pay", "correct_token_is_a": true, "logp_a": [-0.5170807242393494, -0.5784487128257751, -0.5070374011993408], "logp_the": [-0.9069809317588806, -0.8227266669273376, -0.9220001697540283]}