{"id": 863, "sentence_nb": 78, "input_str": " Even if we do not often say it, fans of literature often behave as though universality were the ultimate virtue. In part, this is a trick of perspective. Almost by definition, the books that win international recognition are those that speak to", "correct_token_is_a": false, "logp_a": [-2.3695268630981445, -2.214789390563965, -2.533966064453125, -3.349423, -2.2560482, -1.1356652], "logp_the": [-1.4979125261306763, -1.3476325273513794, -1.482864260673523, -3.0210774, -1.2202772, -2.2131808]}