{"id": 879, "sentence_nb": 80, "input_str": " Media playback is unsupported on your device Media caption The Reinhold family moved to", "correct_token_is_a": false, "logp_a": [-3.005772352218628, -3.106769561767578, -3.8380064964294434, -0.9235656, -3.1558952, -3.0353005], "logp_the": [-2.3920199871063232, -1.7866783142089844, -1.5710541009902954, -1.6521969, -0.7151165, -0.5777749]}