{"id": 887, "sentence_nb": 81, "input_str": " Hello again friends! Here at my Pauper Flophouse of fun I bring you", "correct_token_is_a": true, "logp_a": [-2.88604998588562, -1.8087027072906494, -1.4884347915649414, -3.3831263, -1.9638311, -1.7041032], "logp_the": [-3.6678903102874756, -2.131357431411743, -2.181107521057129, -0.79788685, -1.5944486, -2.586055]}