{"id": 841, "sentence_nb": 74, "input_str": " The Venture Bros.: A Meditation on Failure\n\nNostalgia is one of the more innocuous illusions in life. The New York Times reported that these rose-tinted memories of", "correct_token_is_a": false, "logp_a": [-1.8173996210098267, -1.658990502357483, -1.1976792812347412], "logp_the": [-0.17727148532867432, -0.21112976968288422, -0.35938429832458496]}