{"id": 806, "sentence_nb": 73, "input_str": " Volume is the quantity of three-dimensional space enclosed by a closed surface, for example, the space that a substance (solid, liquid, gas, or plasma) or shape occupies or contains.[1] Volume is often quantified numerically using the SI derived unit,", "correct_token_is_a": false, "logp_a": [-3.450997829437256, -4.579734802246094, -4.756883144378662, -10.094392, -7.285721, -9.371806], "logp_the": [-2.600985050201416, -2.9716341495513916, -2.123307704925537, -6.0131855, -0.22607306, -0.16840583]}