{"id": 823, "sentence_nb": 74, "input_str": " When you think of the definitive side-scrolling Castlevania experience, we imagine for most people it\u2019s imagery of Symphony of the Night or Super Castlevania IV that first creeps into the ol\u2019 noggin. But while those might be the most popular of responses, there\u2019s a slightly more obscure game in", "correct_token_is_a": false, "logp_a": [-3.135915517807007, -5.497052192687988, -5.581518173217773, -13.333859, -8.337798, -9.389708], "logp_the": [-0.6773736476898193, -0.7068221569061279, -0.7800655961036682, -1.8646532, -0.3912053, -0.114346184]}