{"id": 804, "sentence_nb": 73, "input_str": " Volume is the quantity of three-dimensional space enclosed by a closed surface, for example, the space that", "correct_token_is_a": true, "logp_a": [-5.136747360229492, -3.525470733642578, -3.31321382522583, -9.681845, -3.2945101, -0.659136], "logp_the": [-4.119503974914551, -3.4830055236816406, -3.61216402053833, -12.517355, -5.701778, -6.389339]}