{"id": 860, "sentence_nb": 78, "input_str": " Even if we do not often say it, fans of literature often behave as though universality were", "correct_token_is_a": false, "logp_a": [-3.4815921783447266, -2.0331592559814453, -1.596734642982483, -0.0019400019, -0.5254957, -0.5878472], "logp_the": [-3.408109664916992, -1.8545092344284058, -2.1428542137145996, -11.296276, -3.2748992, -2.4829974]}