{"id": 88, "sentence_nb": 9, "input_str": " A new type of semiconductor laser that can be easily modified to create light over a range of different colours has been created by researchers in", "correct_token_is_a": false, "logp_a": [-4.277218341827393, -3.910367250442505, -4.733955383300781, -8.591478, -2.1529636, -9.819919], "logp_the": [-1.1570497751235962, -1.3340961933135986, -1.5239793062210083, -0.040377513, -1.2813177, -0.34532613]}