{"id": 885, "sentence_nb": 77, "input_str": "[BEGIN] How to Build Your Own Gaming Computers\n\nThe Ultimate Always-Updated Resource for Beginner & Intermediate Builders: Learn Everything You Need to Easily Plan & Build Your Dream PC!\n\nWelcome to BGC, gamer. When", "correct_token_is_a": true, "logp_a": [-0.26509836316108704, -0.4454997479915619, -0.2111457884311676], "logp_the": [-1.4572770595550537, -1.0230525732040405, -1.658922553062439]}