{"id": 802, "sentence_nb": 73, "input_str": " Volume is the quantity of three-dimensional space enclosed by", "correct_token_is_a": true, "logp_a": [-3.4552860260009766, -0.9324409365653992, -1.2356523275375366, -0.2161039, -0.24913226, -0.03316232], "logp_the": [-1.913857340812683, -2.1080543994903564, -1.5149644613265991, -1.8153623, -1.7777473, -3.5816662]}