{"id": 810, "sentence_nb": 73, "input_str": " Volume is the quantity of three-dimensional space enclosed by a closed surface, for example, the space that a substance (solid, liquid, gas, or plasma) or shape occupies or contains.[1] Volume is often quantified numerically using the SI derived unit, the cubic metre. The volume of a container is generally understood to be the capacity of the container; i. e.,", "correct_token_is_a": false, "logp_a": [-2.8284482955932617, -2.6157612800598145, -3.2532706260681152, -15.980023, -9.079129, -11.132656], "logp_the": [-1.454634666442871, -0.7496495246887207, -0.6430450677871704, -0.00039222822, -0.056637548, -0.070530616]}