{"id": 849, "sentence_nb": 77, "input_str": " The Southern Vampire Mysteries, also known as The True Blood Novels and The Sookie Stackhouse Novels, is a series of books written by bestselling author Charlaine Harris. The first installment, Dead Until Dark (2001), won", "correct_token_is_a": false, "logp_a": [-2.9801783561706543, -2.341740608215332, -3.145585536956787, -5.5801835, -5.81266, -3.061132], "logp_the": [-2.893311023712158, -0.6432389616966248, -0.3888697326183319, -0.017477393, -0.05206017, -0.091399714]}