{"id": 857, "sentence_nb": 75, "input_str": " The nation's nuclear weapons laboratories would be spun out of the Energy Department and become the center of an independent Agency for National Security Applications under a proposal to be released today by", "correct_token_is_a": true, "logp_a": [-2.7265753746032715, -2.458747625350952, -1.9914933443069458], "logp_the": [-0.0676826536655426, -0.08942380547523499, -0.1467515081167221]}