{"id": 83, "sentence_nb": 8, "input_str": " It\u2019s Tuesday morning and I\u2019m lying in bed in the athlete village and this is the first real time I\u2019ve had to myself since the race, the last 48hrs have been pretty hectic!\n\nI\u2019m not planning on getting up till lunchtime so it looks like I\u2019m having a bar of \u201cMarvellous\u201d chocolate for breakfast while writing this blog as it\u2019s all I\u2019ve got to eat, I feel no guilt about this\u2026\u2026I\u2019ve earnt it!\n\nSo Saturday evening I popped down to", "correct_token_is_a": false, "logp_a": [-2.8255066871643066, -3.634544849395752, -3.729871988296509, -9.990885, -3.9119377, -6.7965007], "logp_the": [-2.1453490257263184, -1.0330357551574707, -1.3863356113433838, -0.006650443, -0.109143116, -0.09820249]}