{"id": 89, "sentence_nb": 7, "input_str": " The US military is responsible for the most egregious and widespread pollution of the planet, yet this information and accompanying documentation goes almost entirely unreported. In spite of the evidence,", "correct_token_is_a": false, "logp_a": [-1.6984879970550537, -3.1420111656188965, -3.1414272785186768], "logp_the": [-0.20206719636917114, -0.044156577438116074, -0.044182926416397095]}