{"id": 858, "sentence_nb": 75, "input_str": "[BEGIN] The nation's nuclear weapons laboratories would be spun out of the Energy Department and become the center of an independent Agency for National Security Applications under a proposal to be released today by a bipartisan task force formed", "correct_token_is_a": false, "logp_a": [-2.1116175651550293, -2.8780550956726074, -2.9611082077026367], "logp_the": [-0.12901818752288818, -0.05788764730095863, -0.05314922705292702]}