{"id": 893, "sentence_nb": 81, "input_str": " Hello again friends! Here at my Pauper Flophouse of fun I bring you a variety of sweet Pauper decks and give them some quick and dirty brawls in the leagues. Hopefully showing off what the decks can do, having some sweet games and making suggestions on how to make things even better. Let\u2019s go!\n\nI\u2019m doing something a bit different this week. I\u2019m going to show you a deck I\u2019ve been working on for a little while, and how I got there. A while ago, I came across at attempt at making", "correct_token_is_a": true, "logp_a": [-1.7425495386123657, -0.9154433012008667, -0.7368881702423096, -0.001947467, -0.10610997, -0.06822941], "logp_the": [-2.8778185844421387, -3.1439056396484375, -3.6694443225860596, -13.137302, -4.9314866, -5.4485207]}