{"id": 803, "sentence_nb": 70, "input_str": "[BEGIN] FORT MYERS, Fla. -- Boston Red Sox right-handed reliever Heath Hembree didn't pay a visit to the barber during the offseason. His curly hair is down to his shoulders.\n\nHe also still", "correct_token_is_a": false, "logp_a": [-0.07284852117300034, -0.1609201580286026, -0.3024430572986603], "logp_the": [-2.65557599067688, -1.9062280654907227, -1.343275547027588]}