{"id": 895, "sentence_nb": 78, "input_str": "[BEGIN] Some people are fans", "correct_token_is_a": false, "logp_a": [-1.9052393436431885, -2.8359692096710205, -2.5386557579040527], "logp_the": [-0.16109298169612885, -0.06045261025428772, -0.08226537704467773]}