{"id": 874, "sentence_nb": 79, "input_str": " Colorado\u2019s state parks may be more heavily tapped for oil and gas extraction to feed a shrinking budget.\n\nThe State Parks Board is studying selling oil and gas mineral leases as part of a five-year plan to cut costs and keep", "correct_token_is_a": false, "logp_a": [-3.2055139541625977, -4.224695682525635, -4.910398960113525, -5.3274856, -8.026318, -7.7414136], "logp_the": [-2.860210418701172, -1.7150522470474243, -2.4038758277893066, -0.015802227, -2.0123415, -1.2215775]}