{"id": 848, "sentence_nb": 77, "input_str": " The Southern Vampire Mysteries, also known as The True Blood Novels and The Sookie Stackhouse Novels, is", "correct_token_is_a": true, "logp_a": [-1.7481149435043335, -0.6405887007713318, -0.5781980752944946, -0.018468022, -0.06297391, -0.10481105], "logp_the": [-2.0405383110046387, -2.210336685180664, -2.1466221809387207, -9.568243, -6.82252, -7.0969543]}