{"id": 80, "sentence_nb": 8, "input_str": " It\u2019s Tuesday morning and I\u2019m lying in bed in the athlete village and this is the first real time I\u2019ve had to myself since", "correct_token_is_a": false, "logp_a": [-3.3820154666900635, -4.750463962554932, -4.256128311157227, -11.247518, -9.111343, -9.757267], "logp_the": [-2.371288537979126, -2.440992832183838, -1.9562323093414307, -2.9378958, -0.7466657, -1.879688]}