{"id": 831, "sentence_nb": 75, "input_str": " Abstract The detrimental effect of neuronal cell death due to oxidative stress and mitochondrial dysfunction has been implicated in age-related cognitive decline and neurodegenerative disorders such as Alzheimer's disease. The Indian herb Bacopa monnieri is", "correct_token_is_a": true, "logp_a": [-2.3225455284118652, -1.303678274154663, -1.7517287731170654, -7.306403, -0.94144046, -1.478374], "logp_the": [-3.345482349395752, -3.219625234603882, -3.980480909347534, -11.637462, -8.632319, -9.796524]}