{"id": 889, "sentence_nb": 81, "input_str": " Hello again friends! Here at my Pauper Flophouse of fun I bring you a variety of sweet Pauper decks and give them some quick and dirty brawls in the leagues. Hopefully showing off what", "correct_token_is_a": false, "logp_a": [-4.563828468322754, -2.817486047744751, -3.6615419387817383, -7.5380635, -6.1828995, -4.646983], "logp_the": [-3.515099287033081, -3.345104455947876, -3.608738899230957, -6.917974, -4.0111465, -2.410143]}