{"id": 874, "sentence_nb": 76, "input_str": " A government watchdog says U.S. taxpayers are still owed $132.9 billion that companies haven't repaid from the financial bailout, and some of that will never be recovered.\n\nThe bailout launched at the height of", "correct_token_is_a": false, "logp_a": [-1.7412880659103394, -3.2052502632141113, -5.371857166290283], "logp_the": [-0.19272886216640472, -0.041393768042325974, -0.0046563055366277695]}