{"id": 861, "sentence_nb": 78, "input_str": " Even if we do not often say it, fans of literature often behave as though universality were the ultimate virtue. In part, this is", "correct_token_is_a": true, "logp_a": [-1.6370913982391357, -3.268510341644287, -2.6910810470581055, -9.167331, -2.6828353, -3.3005507], "logp_the": [-1.4951341152191162, -3.110909938812256, -4.1819257736206055, -10.041911, -4.0921626, -6.052417]}