{"id": 819, "sentence_nb": 74, "input_str": " When you think of the definitive side-scrolling Castlevania experience, we imagine for most people it\u2019s imagery of Symphony of", "correct_token_is_a": false, "logp_a": [-6.666201591491699, -4.152285099029541, -7.186651706695557, -11.067641, -15.418321, -15.410329], "logp_the": [-1.890467882156372, -0.1723237782716751, -0.06174338608980179, -2.0213323, -0.0017473608, -0.0061009726]}