{"id": 873, "sentence_nb": 76, "input_str": "[BEGIN] A government watchdog says U.S. taxpayers are still owed $132.9 billion that companies haven't repaid from the financial bailout, and some of that will never be recovered.\n\nThe bailout launched", "correct_token_is_a": false, "logp_a": [-1.2262476682662964, -1.1709606647491455, -4.08273983001709], "logp_the": [-0.3472784459590912, -0.37116363644599915, -0.017004994675517082]}