{"id": 837, "sentence_nb": 76, "input_str": " A Russian hacking group began attacking U.S.-based policy think tanks within hours of Donald Trump's presidential election victory, according to cyber experts who suspect Moscow is seeking information on the incoming administration.\n\nThree cyber security firms told Reuters that are tracking", "correct_token_is_a": true, "logp_a": [-3.064260244369507, -3.4949779510498047, -2.649665594100952, -1.5011183, -2.3250525, -0.5083227], "logp_the": [-1.8311269283294678, -0.993772566318512, -1.2148969173431396, -4.177462, -0.8898701, -1.3122425]}