{"id": 808, "sentence_nb": 73, "input_str": " Volume is the quantity of three-dimensional space enclosed by a closed surface, for example, the space that a substance (solid, liquid, gas, or plasma) or shape occupies or contains.[1] Volume is often quantified numerically using the SI derived unit, the cubic metre. The volume of a container is generally understood to be", "correct_token_is_a": false, "logp_a": [-3.4030299186706543, -2.6061487197875977, -3.2686195373535156, -16.198553, -4.9738536, -11.597369], "logp_the": [-3.178772449493408, -1.3874214887619019, -0.8924331068992615, -6.21807e-05, -0.21547043, -0.37012872]}