{"id": 801, "sentence_nb": 73, "input_str": " Volume is", "correct_token_is_a": false, "logp_a": [-2.0921130180358887, -2.892667293548584, -2.8295533657073975, -0.75037354, -4.3234515, -2.3032217], "logp_the": [-3.264965534210205, -3.2748465538024902, -3.4187028408050537, -4.398621, -4.009657, -2.7051475]}