{"id": 888, "sentence_nb": 81, "input_str": " Hello again friends! Here at my Pauper Flophouse of fun I bring you a variety of sweet Pauper decks and give them some quick and dirty brawls in", "correct_token_is_a": false, "logp_a": [-2.9478166103363037, -2.6448421478271484, -2.8698463439941406, -4.3316, -3.3286533, -2.1421213], "logp_the": [-1.5542352199554443, -1.1794794797897339, -1.1547431945800781, -0.28426614, -1.8426096, -1.6440334]}