{"id": 872, "sentence_nb": 79, "input_str": " Colorado\u2019s state parks may be more heavily tapped for oil and gas extraction to feed", "correct_token_is_a": true, "logp_a": [-4.173515319824219, -2.748554229736328, -2.9538650512695312, -6.9372697, -4.4356484, -3.582784], "logp_the": [-2.018110513687134, -1.3721963167190552, -1.2752989530563354, -0.2715188, -0.17224556, -0.24306731]}