{"id": 886, "sentence_nb": 77, "input_str": " How to Build Your Own Gaming Computers\n\nThe Ultimate Always-Updated Resource for Beginner & Intermediate Builders: Learn Everything You Need to Easily Plan & Build Your Dream PC!\n\nWelcome to BGC, gamer. When getting a new setup to experience", "correct_token_is_a": false, "logp_a": [-0.8668931126594543, -1.4039335250854492, -1.9404815435409546], "logp_the": [-0.5451672673225403, -0.28187087178230286, -0.15505830943584442]}