{"id": 807, "sentence_nb": 73, "input_str": " Volume is the quantity of three-dimensional space enclosed by a closed surface, for example, the space that a substance (solid, liquid, gas, or plasma) or shape occupies or contains.[1] Volume is often quantified numerically using the SI derived unit, the cubic metre. The volume of", "correct_token_is_a": true, "logp_a": [-2.5513319969177246, -0.7552719712257385, -0.5128427147865295, -0.0012893165, -0.047656782, -0.0067817974], "logp_the": [-1.0588650703430176, -2.5019454956054688, -2.9655861854553223, -11.457405, -7.204174, -10.613899]}