{"id": 832, "sentence_nb": 75, "input_str": " Abstract The detrimental effect of neuronal cell death due to oxidative stress and mitochondrial dysfunction has been implicated in age-related cognitive decline and neurodegenerative disorders such as Alzheimer's disease. The Indian herb Bacopa monnieri is a dietary antioxidant, with animal and in vitro studies indicating several modes of action that may protect", "correct_token_is_a": false, "logp_a": [-4.314053535461426, -6.943245887756348, -6.932434558868408, -12.805313, -11.645994, -14.372991], "logp_the": [-2.097750425338745, -3.382767677307129, -2.877686023712158, -10.005756, -4.177786, -4.0537944]}