{"id": 824, "sentence_nb": 72, "input_str": " Eight teams in hockey have less points than games played, and it\u2019s not exactly a role call of Cup contenders. The San Jose Sharks are on", "correct_token_is_a": false, "logp_a": [-2.0303683280944824, -0.7295928001403809, -1.2829524278640747], "logp_the": [-0.140742689371109, -0.6579833030700684, -0.32464709877967834]}