{"id": 896, "sentence_nb": 78, "input_str": " Some people are fans of the San Diego Chargers. But many, many more people are NOT fans of", "correct_token_is_a": false, "logp_a": [-3.7491607666015625, -5.929520130157471, -4662992.0], "logp_the": [-0.02381889708340168, -0.0026632812805473804, -4662984.5]}