{"id": 82, "sentence_nb": 8, "input_str": " It\u2019s Tuesday morning and I\u2019m lying in bed in the athlete village and this is the first real time I\u2019ve had to myself since the race, the last 48hrs have been pretty hectic!\n\nI\u2019m not planning on getting up till lunchtime so it looks like I\u2019m having", "correct_token_is_a": true, "logp_a": [-1.5252455472946167, -1.5158377885818481, -1.4545615911483765, -8.610954, -0.2606076, -1.1166719], "logp_the": [-3.661675453186035, -4.102126121520996, -3.9900498390197754, -0.020251008, -2.8083668, -3.9025722]}