{"id": 87, "sentence_nb": 7, "input_str": "[BEGIN] The US military is responsible for the most egregious and widespread pollution", "correct_token_is_a": false, "logp_a": [-2.7498624324798584, -3.8449904918670654, -4.497715950012207], "logp_the": [-0.06607218086719513, -0.021618666127324104, -0.011196875013411045]}