{"id": 872, "sentence_nb": 76, "input_str": " A government watchdog says U.S. taxpayers are still owed $132.9 billion that companies haven't repaid from", "correct_token_is_a": false, "logp_a": [-1.6461650133132935, -2.2395126819610596, -1.1412385702133179], "logp_the": [-0.2141687124967575, -0.1126205250620842, -0.384814590215683]}