{"id": 873, "sentence_nb": 79, "input_str": " Colorado\u2019s state parks may be more heavily tapped for oil and gas extraction to feed a shrinking budget.\n\nThe State Parks Board is studying selling oil and gas mineral leases as part of", "correct_token_is_a": true, "logp_a": [-1.4404067993164062, -0.761116087436676, -0.9587143063545227, -1.1892548, -1.6236057, -1.3508567], "logp_the": [-0.7209024429321289, -2.158557891845703, -2.213513135910034, -4.5453525, -2.847183, -2.936311]}