{"id": 88, "sentence_nb": 7, "input_str": "[BEGIN] The US military is responsible for the most egregious and widespread pollution of the planet, yet this information and accompanying documentation goes almost entirely unreported. In spite", "correct_token_is_a": false, "logp_a": [-2.2273645401000977, -2.1537551879882812, -2.046459913253784], "logp_the": [-0.1140785738825798, -0.12335200607776642, -0.13833308219909668]}