{"id": 802, "sentence_nb": 70, "input_str": "[BEGIN] FORT MYERS, Fla. -- Boston Red Sox right-handed reliever Heath Hembree didn't pay a visit to the barber", "correct_token_is_a": false, "logp_a": [-1.5037732124328613, -1.202130913734436, -1.4584317207336426], "logp_the": [-0.2514013946056366, -0.35746538639068604, -0.26474812626838684]}