{"id": 818, "sentence_nb": 74, "input_str": " When you think of", "correct_token_is_a": false, "logp_a": [-2.6193687915802, -2.6743381023406982, -2.90312123298645, -0.3833212, -1.9958553, -1.3387159], "logp_the": [-1.4285881519317627, -2.1763980388641357, -2.1670143604278564, -2.1210985, -2.2388024, -1.7520922]}