{"id": 853, "sentence_nb": 77, "input_str": " The Southern Vampire Mysteries, also known as The True Blood Novels and The Sookie Stackhouse Novels, is a series of books written by bestselling author Charlaine Harris. The first installment, Dead Until Dark (2001), won the Anthony Award for Best Paperback Mystery in 2001 and later served as the source material for the HBO drama series True Blood (2008\u20132014).[1] The book series has been retronymed the True Blood Series upon reprinting, to capitalize on", "correct_token_is_a": false, "logp_a": [-2.7921841144561768, -3.4859371185302734, -4.128971099853516, -18.065228, -7.921501, -7.6044374], "logp_the": [-0.5118411183357239, -0.6264094710350037, -0.7394676208496094, -0.0009565282, -0.08393894, -0.024898978]}