{"id": 865, "sentence_nb": 78, "input_str": " Even if we do not often say it, fans of literature often behave as though universality were the ultimate virtue. In part, this is a trick of perspective. Almost by definition, the books that win international recognition are those that speak to the most broadly recognizable themes. Even when they deal with the local and specific, they put us in mind of", "correct_token_is_a": false, "logp_a": [-2.8865513801574707, -2.3531734943389893, -2.27593994140625, -4.5105033, -3.3585174, -4.3368173], "logp_the": [-1.3153451681137085, -1.5251171588897705, -1.5318832397460938, -9.04634, -2.109754, -2.1006038]}