{"id": 87, "sentence_nb": 9, "input_str": " A new type of semiconductor laser that can be easily modified to create light over", "correct_token_is_a": true, "logp_a": [-3.048997640609741, -1.2570687532424927, -1.0585461854934692, -0.0008242085, -0.021971002, -0.13584654], "logp_the": [-1.314293622970581, -2.4564170837402344, -3.8844852447509766, -11.44453, -8.695154, -5.1352625]}