{"id": 880, "sentence_nb": 80, "input_str": " Media playback is unsupported on your device Media caption The Reinhold family moved to the US to continue home schooling\n\nUwe and Hanalore Romeike want to educate their seven children at home, rather than in", "correct_token_is_a": false, "logp_a": [-3.672274112701416, -1.4521148204803467, -2.0251927375793457, -7.623647, -0.49694312, -0.28498468], "logp_the": [-1.521004319190979, -1.662144422531128, -2.264061450958252, -7.1589737, -4.6997495, -4.01265]}