{"id": 898, "sentence_nb": 78, "input_str": "[BEGIN] Some people are fans of the San Diego Chargers. But many, many more people are NOT fans of the San Diego Chargers. This 2012 Deadspin NFL team preview is for those in the latter group.", "correct_token_is_a": false, "logp_a": [-2.075458288192749, -3.7346882820129395, -4.333972454071045], "logp_the": [-0.1341017335653305, -0.024170374497771263, -0.013202156871557236]}