{"id": 854, "sentence_nb": 75, "input_str": "[BEGIN] The nation's nuclear weapons laboratories would be spun out", "correct_token_is_a": false, "logp_a": [-1.1990118026733398, -1.8695255517959595, -3.43300724029541], "logp_the": [-0.35880857706069946, -0.1674686223268509, -0.03282255306839943]}