{"id": 803, "sentence_nb": 73, "input_str": " Volume is the quantity of three-dimensional space enclosed by a closed surface, for example,", "correct_token_is_a": false, "logp_a": [-3.3141355514526367, -1.4589606523513794, -1.125604271888733, -0.08458078, -0.13282256, -0.4996108], "logp_the": [-2.532700538635254, -2.741461753845215, -1.933984398841858, -2.5552595, -2.3897414, -1.083106]}