{"id": 820, "sentence_nb": 74, "input_str": " When you think of the definitive side-scrolling Castlevania experience, we imagine for most people it\u2019s imagery of Symphony of the Night or Super Castlevania IV that first creeps into", "correct_token_is_a": false, "logp_a": [-2.6461758613586426, -5.046940803527832, -6.394586086273193, -16.935377, -9.9967165, -12.459242], "logp_the": [-1.1998275518417358, -2.5105791091918945, -3.2704083919525146, -7.8429255, -5.0762305, -7.897359]}