{"id": 89, "sentence_nb": 9, "input_str": " A new type of semiconductor laser that can be easily modified to create light over a range of different colours has been created by researchers in the US. The device is based on tiny particles called colloidal quantum dots (CQDs) that emit different colours of light according to their size \u2013 rather than their chemical composition.\n\nSemiconductor lasers are found in", "correct_token_is_a": true, "logp_a": [-1.914430856704712, -2.2965188026428223, -2.982057571411133, -1.4202417, -0.48886743, -0.42575586], "logp_the": [-1.55135178565979, -2.3390374183654785, -3.605195999145508, -3.9443982, -5.273788, -7.668586]}