{"id": 962, "sentence_nb": 87, "input_str": " Get our daily newsletter Upgrade your inbox and get our Daily Dispatch and Editor's Picks.\n\nTHE car civilisation of southern California is famous for its discontents. On", "correct_token_is_a": true, "logp_a": [-3.2365245819091797, -2.2236461639404297, -2.3762567043304443, -0.7902763, -2.732033, -2.1788244], "logp_the": [-2.3297691345214844, -1.3780421018600464, -1.7266366481781006, -2.0411248, -1.1548482, -1.507054]}