{"id": 964, "sentence_nb": 87, "input_str": " Get our daily newsletter Upgrade your inbox and get our Daily Dispatch and Editor's Picks.\n\nTHE car civilisation of southern California is famous for its discontents. On a good day, one merely wastes too much time in the car. On an average day,", "correct_token_is_a": false, "logp_a": [-1.8523069620132446, -2.642202138900757, -3.317488193511963, -5.649731, -2.41883, -4.6257243], "logp_the": [-1.5896259546279907, -2.242025136947632, -2.6419358253479004, -6.364916, -2.478276, -2.9237585]}