{"id": 943, "sentence_nb": 83, "input_str": "[BEGIN] Insomniac Joseph Stoiber, 29, was walking in his neighborhood when he couldn't sleep at 2:", "correct_token_is_a": true, "logp_a": [-0.005899042822420597, -0.005083374213427305, -0.006600128021091223], "logp_the": [-5.135922431945801, -5.284315586090088, -5.023965358734131]}