{"id": 932, "sentence_nb": 85, "input_str": " The focus switches to endurance mode this weekend as 25 co-drivers join forces with the V8 Supercars regulars in", "correct_token_is_a": false, "logp_a": [-3.668827772140503, -1.9755884408950806, -1.760807752609253, -2.2054124, -2.6985, -1.8980511], "logp_the": [-1.1277844905853271, -1.4159265756607056, -1.5431907176971436, -2.5935686, -0.36089003, -0.2983216]}