{"id": 966, "sentence_nb": 87, "input_str": " Get our daily newsletter Upgrade your inbox and get our Daily Dispatch and Editor's Picks.\n\nTHE car civilisation of southern California is famous for its discontents. On a good day, one merely wastes too much time in the car. On an average day, the id asserts its rage against the texting, eating, swerving masses obstructing and endangering one's path. On", "correct_token_is_a": true, "logp_a": [-0.6741966605186462, -0.807719349861145, -0.6611756086349487, -1.1860551, -1.8686155, -0.39296845], "logp_the": [-2.103219509124756, -2.2985410690307617, -2.718441963195801, -2.5837455, -3.5957494, -2.9557087]}