{"id": 910, "sentence_nb": 80, "input_str": "[BEGIN] Story highlights New York Times publisher dismissed executive editor Jill Abramson on Wednesday\n\nNews reports afterward questioned whether Abramson was a victim of sexism\n\nOn Saturday, Arthur Sulzberger Jr. gave more details in a statement", "correct_token_is_a": false, "logp_a": [-1.9684126377105713, -3.0568740367889404, -3.481785297393799], "logp_the": [-0.1504489928483963, -0.04817662760615349, -0.031235210597515106]}