{"id": 928, "sentence_nb": 82, "input_str": "[BEGIN] Across the battlefields of the first world war, nothing has ever tested riders more than 1919's Circuit de Champs de Bataille\n\nEven", "correct_token_is_a": false, "logp_a": [-1.0590330362319946, -2.4241228103637695, -2.207956552505493], "logp_the": [-0.42585813999176025, -0.09272489696741104, -0.11644954234361649]}