{"id": 989, "sentence_nb": 89, "input_str": " A bear that wandered into the University of Colorado dorm complex at Williams Village and was tranquilized by wildlife officials last week was killed by a car on U.S. 36 early Thursday. (Andy Duann / CUIndependent.com)\n\nThe bear famously tranquilized on the University of Colorado campus last week, and immortalized in", "correct_token_is_a": true, "logp_a": [-1.8867470026016235, -1.1213504076004028, -1.2069547176361084, -0.005220586, -0.12678269, -0.6499719], "logp_the": [-0.8334547281265259, -1.4760180711746216, -1.340381383895874, -8.163825, -4.2879667, -5.7056546]}