{"id": 99, "sentence_nb": 10, "input_str": " Pete Carroll feels bad about Seahawks faking a punt in", "correct_token_is_a": true, "logp_a": [-3.456749677658081, -3.492673635482788, -3.379758834838867, -8.838386, -5.7553906, -5.344771], "logp_the": [-1.1633822917938232, -0.8142755031585693, -0.9841975569725037, -4.547279, -1.2886127, -0.43523285]}