{"id": 952, "sentence_nb": 86, "input_str": " The latest build and video are now available! Grab the build here and watch the video here:\n\nHere\u2019s a list of everything that is new in this build:\n\nIf Yandere-chan giggles, and an NPC hears the giggle, but can\u2019t see Yandere-chan,", "correct_token_is_a": false, "logp_a": [-3.041933059692383, -4.939874172210693, -3.9036102294921875, -13.103272, -6.8686547, -8.637795], "logp_the": [-2.8067779541015625, -2.9608702659606934, -2.6948089599609375, -2.3834293, -1.1994133, -2.6204722]}