{"id": 906, "sentence_nb": 82, "input_str": " A newly seated state senator defends his decision to sign up for a state pension after making a campaign promise to not accept this benefit.\n\nSen. Wayne Langerholc, R-Cambria County, issued a statement, saying he signed up for the pension because he was told if he didn't he would be \"forever barred\" from participating in a 401(k)-style plan like the one", "correct_token_is_a": false, "logp_a": [-6.8883137702941895, -6.515702724456787, -6.531502723693848, -10.629126, -11.227418, -12.154763], "logp_the": [-6.843561172485352, -3.428353786468506, -3.6314172744750977, -5.866095, -3.843599, -7.3767347]}