{"id": 935, "sentence_nb": 85, "input_str": " The focus switches to endurance mode this weekend as 25 co-drivers join forces with the V8 Supercars regulars in the battle for the PIRTEK Enduro Cup.\n\nThe annual Sandown 500 kicks off the three-event run of long distance races at Melbourne\u2019s Sandown Raceway followed by", "correct_token_is_a": false, "logp_a": [-1.9978867769241333, -1.5453113317489624, -1.5285677909851074, -4.1231747, -3.0390482, -4.1770825], "logp_the": [-1.6196261644363403, -1.1135104894638062, -1.016345500946045, -0.040185954, -0.06099676, -0.08065496]}