{"id": 95, "sentence_nb": 8, "input_str": "[BEGIN] So, we have all heard about the recall efforts in Wisconsin. It looks like we will have at least 6 Republicans facing recall elections and perhaps 3", "correct_token_is_a": false, "logp_a": [-3.554300308227539, -4.396385669708252, -4.540940761566162], "logp_the": [-0.02901836670935154, -0.01239831279963255, -0.010720635764300823]}