{"id": 990, "sentence_nb": 87, "input_str": "[BEGIN] Over the course of the past decade, Google has transformed from a small company", "correct_token_is_a": true, "logp_a": [-0.2562660872936249, -0.15740486979484558, -0.11020425707101822], "logp_the": [-1.4869370460510254, -1.9266042709350586, -2.2600159645080566]}