{"id": 98, "sentence_nb": 10, "input_str": " Pete Carroll feels bad about Seahawks faking", "correct_token_is_a": true, "logp_a": [-3.992264986038208, -2.2003872394561768, -1.8441654443740845, -8.552441, -2.1779852, -2.6299992], "logp_the": [-2.2735817432403564, -2.4953548908233643, -3.184474468231201, -7.40783, -2.3959084, -2.7464836]}