{"id": 979, "sentence_nb": 88, "input_str": " Brett Bundale, The Canadian Press\n\n\n\n\n\nHALIFAX -- The Nova Scotia government says it will call an inquiry into the deaths of a former soldier and his family, nearly 12 months after the horrific murder-suicides sent shock waves across the country.\n\nDr. Matthew Bowes,", "correct_token_is_a": false, "logp_a": [-1.828277587890625, -1.7183501720428467, -1.9615005254745483, -1.763781, -1.3089428, -3.2131438], "logp_the": [-1.2724323272705078, -2.076512098312378, -2.5994248390197754, -0.35178238, -0.90195644, -2.9605763]}