{"id": 968, "sentence_nb": 85, "input_str": " After reading through all of the wonderful feedback on Ace Day and doing a bit more research, I am happy to announce that the Revised Ace Day will take place on November 26, 2015, which is also International Cake Day (which seems appropriate for", "correct_token_is_a": false, "logp_a": [-2.2756330966949463, -0.5677292346954346, -0.6954004168510437], "logp_the": [-0.10840056836605072, -0.8365814685821533, -0.6908990740776062]}