{"id": 987, "sentence_nb": 87, "input_str": "[BEGIN]", "correct_token_is_a": false, "logp_a": [-2.778092384338379, -2.7305874824523926, -2.3809902667999268], "logp_the": [-0.06417272239923477, -0.06740231066942215, -0.09701646864414215]}