{"id": 904, "sentence_nb": 82, "input_str": " A newly seated state senator defends his decision to sign up for a state pension after making a campaign promise to not accept this benefit.\n\nSen. Wayne Langerholc, R-Cambria County, issued a statement, saying he signed up for the pension because he was told if he didn't he would be \"forever barred\" from participating in", "correct_token_is_a": true, "logp_a": [-1.2347314357757568, -3.13899302482605, -3.6180295944213867, -13.031223, -8.021619, -5.2637157], "logp_the": [-0.8753239512443542, -1.0445258617401123, -1.038676381111145, -0.036575537, -0.1970784, -0.07897461]}