{"id": 989, "sentence_nb": 87, "input_str": " Over the course of the past decade, Google has transformed from", "correct_token_is_a": true, "logp_a": [-0.6317683458328247, -0.056872569024562836, -0.06289862096309662], "logp_the": [-0.7585412263870239, -2.8952438831329346, -2.797515869140625]}