{"id": 991, "sentence_nb": 87, "input_str": " Over the course of the past decade, Google has transformed from a small company to a full-fledged technology giant. Although it has multiple assets, it\u2019s most valuable one is still", "correct_token_is_a": false, "logp_a": [-0.3939096927642822, -2.964226484298706, -2.646242618560791], "logp_the": [-1.122131586074829, -0.05297931656241417, -0.07355739176273346]}