{"id": 953, "sentence_nb": 86, "input_str": " The latest build and video are now available! Grab the build here and watch the video here:\n\nHere\u2019s a list of everything that is new in this build:\n\nIf Yandere-chan giggles, and an NPC hears the giggle, but can\u2019t see Yandere-chan, the NPC will become curious and will walk over to investigate", "correct_token_is_a": false, "logp_a": [-4.541972637176514, -4.8191914558410645, -4.882606029510498, -21.5969, -11.42862, -17.248705], "logp_the": [-2.380524158477783, -2.2366034984588623, -1.945159673690796, -6.8416705, -2.1945024, -7.037623]}