{"id": 986, "sentence_nb": 89, "input_str": " A bear that wandered into", "correct_token_is_a": false, "logp_a": [-1.7859420776367188, -1.0886119604110718, -0.8042886257171631, -0.89114404, -0.252687, -0.21389727], "logp_the": [-0.7878274321556091, -1.6081851720809937, -1.792203664779663, -1.9071038, -2.1554055, -2.294511]}