{"id": 901, "sentence_nb": 82, "input_str": " A newly seated state senator defends his decision to sign up for a state pension after making", "correct_token_is_a": true, "logp_a": [-1.615883469581604, -1.4423829317092896, -1.2925870418548584, -0.021859145, -2.514914, -1.2137426], "logp_the": [-2.565089702606201, -2.4685287475585938, -2.711547613143921, -5.4580626, -3.2480717, -4.022996]}