{"id": 96, "sentence_nb": 8, "input_str": " So, we have all heard about the recall efforts in Wisconsin. It looks like we will have at least 6 Republicans facing recall elections and perhaps 3 of the \"Fab 14\" facing recall elections (unless, of course,", "correct_token_is_a": false, "logp_a": [-1.3023719787597656, -2.173736810684204, -1.7708783149719238], "logp_the": [-0.31729790568351746, -0.12075819820165634, -0.18655063211917877]}