{"id": 967, "sentence_nb": 85, "input_str": " After reading through all of the wonderful feedback on Ace Day and doing a bit more research, I am happy to announce that", "correct_token_is_a": false, "logp_a": [-1.6737208366394043, -2.4356656074523926, -2.8586184978485107], "logp_the": [-0.20769838988780975, -0.09161047637462616, -0.05905802175402641]}