{"id": 976, "sentence_nb": 88, "input_str": " Brett Bundale, The Canadian Press\n\n\n\n\n\nHALIFAX -- The Nova Scotia government says it will call an inquiry into the deaths of", "correct_token_is_a": true, "logp_a": [-1.8571544885635376, -2.0921006202697754, -3.0289411544799805, -8.631333, -5.005158, -6.1108475], "logp_the": [-1.9330660104751587, -4.500143527984619, -4.565577507019043, -5.6037426, -6.9869776, -8.029971]}