{"id": 950, "sentence_nb": 86, "input_str": " The latest build and video are now available! Grab the build here and watch the video here:\n\nHere\u2019s", "correct_token_is_a": true, "logp_a": [-1.076404333114624, -1.274610161781311, -1.2988901138305664, -3.6987255, -1.0531999, -1.3899971], "logp_the": [-0.8953750729560852, -1.1701942682266235, -1.0708627700805664, -0.02489342, -0.6282687, -1.4257141]}