{"id": 937, "sentence_nb": 85, "input_str": " The focus switches to endurance mode this weekend as 25 co-drivers join forces with the V8 Supercars regulars in the battle for the PIRTEK Enduro Cup.\n\nThe annual Sandown 500 kicks off the three-event run of long distance races at Melbourne\u2019s Sandown Raceway followed by the Bathurst 1000 and Gold Coast 600 in October.\n\nThe Pirtek Enduro Cup will be awarded to the driver and co-driver combination scoring", "correct_token_is_a": false, "logp_a": [-3.9672725200653076, -2.7596757411956787, -3.490366220474243, -7.9766407, -10.591528, -12.606976], "logp_the": [-4.226129531860352, -1.6215379238128662, -0.462839275598526, -0.34580967, -0.000698404, -0.0017852166]}