{"id": 904, "sentence_nb": 79, "input_str": "[BEGIN] New Rangers signing Anestis Argyriou and goalkeeper Neil Alexander show their disappointment\n\nAlly McCoist said he would go back into the transfer market after being left embarrassed by Rangers' display", "correct_token_is_a": true, "logp_a": [-2.146066665649414, -3.018275737762451, -1.7418874502182007], "logp_the": [-0.12436583638191223, -0.05012074485421181, -0.1926015466451645]}