{"id": 992, "sentence_nb": 87, "input_str": "[BEGIN] Over the course of the past decade, Google has transformed from a small company to a full-fledged technology giant. Although it has multiple assets, it\u2019s most valuable one is still the search engine.\n\nIt is", "correct_token_is_a": false, "logp_a": [-0.9323770999908447, -3.5347867012023926, -4.423254013061523], "logp_the": [-0.5002434253692627, -0.029598703607916832, -0.012067642994225025]}