{"id": 988, "sentence_nb": 87, "input_str": "[BEGIN] Over the course", "correct_token_is_a": false, "logp_a": [-2.691819667816162, -1.5037086009979248, -1.4988288879394531], "logp_the": [-0.07016229629516602, -0.2514198422431946, -0.25281912088394165]}