{"id": 978, "sentence_nb": 88, "input_str": " Brett Bundale, The Canadian Press\n\n\n\n\n\nHALIFAX -- The Nova Scotia government says it will call an inquiry into the deaths of a former soldier and his family, nearly 12 months after the horrific murder-suicides sent shock waves across", "correct_token_is_a": false, "logp_a": [-3.3073651790618896, -4.495188236236572, -4.741144180297852, -16.395477, -9.514066, -9.466883], "logp_the": [-0.453996479511261, -0.4790329337120056, -0.35135817527770996, -7.937927e-06, -0.03350902, -0.031599253]}