{"id": 977, "sentence_nb": 88, "input_str": " Brett Bundale, The Canadian Press\n\n\n\n\n\nHALIFAX -- The Nova Scotia government says it will call an inquiry into the deaths of a former soldier and his family, nearly 12 months after", "correct_token_is_a": false, "logp_a": [-2.747980833053589, -2.0711264610290527, -2.243244171142578, -6.0075316, -5.141453, -4.266761], "logp_the": [-1.5655467510223389, -1.8537039756774902, -1.2955588102340698, -1.2819983, -1.1820984, -1.469247]}