{"id": 905, "sentence_nb": 82, "input_str": " A newly seated state senator defends his decision to sign up for a state pension after making a campaign promise to not accept this benefit.\n\nSen. Wayne Langerholc, R-Cambria County, issued a statement, saying he signed up for the pension because he was told if he didn't he would be \"forever barred\" from participating in a 401(k)-style plan like", "correct_token_is_a": false, "logp_a": [-1.9592838287353516, -2.8935155868530273, -3.6172401905059814, -15.945978, -9.813082, -6.3669887], "logp_the": [-2.5929880142211914, -1.099989891052246, -1.213385820388794, -0.026223673, -0.43640542, -1.4239593]}