{"id": 945, "sentence_nb": 83, "input_str": " Insomniac Joseph Stoiber, 29, was walking in his neighborhood when he couldn't sleep at 2:30 a.m. May 30, talking to his friend on the phone about baseball.\n\nLAKELAND | He spit.\n\n\n\nAnd that landed him in jail.\n\n\n\nInsomniac Joseph Stoiber, 29, was walking in his neighborhood when he couldn't sleep at 2:30", "correct_token_is_a": true, "logp_a": [-0.0012506766943261027, -3.862306402879767e-05, -0.00033098942367359996], "logp_the": [-6.6847147941589355, -10.160163879394531, -8.013697624206543]}