{"id": 900, "sentence_nb": 82, "input_str": " A newly seated state senator defends his decision to sign up for", "correct_token_is_a": true, "logp_a": [-1.7432653903961182, -1.4470531940460205, -1.949245810508728, -3.5608199, -2.6609974, -2.0370731], "logp_the": [-1.7177517414093018, -1.631486177444458, -1.6840709447860718, -0.13018733, -0.45402852, -2.3166854]}