{"id": 930, "sentence_nb": 82, "input_str": " Across the battlefields of the first world war, nothing has ever tested riders more than 1919's Circuit de Champs de Bataille\n\nEven as the guns all along the western front fell silent in November 1918, plans were being made to stage an extraordinary bicycle race around", "correct_token_is_a": false, "logp_a": [-2.520068883895874, -3.556577444076538, -4.30131721496582], "logp_the": [-0.08387532085180283, -0.028951432555913925, -0.013643348589539528]}