{"id": 934, "sentence_nb": 85, "input_str": " The focus switches to endurance mode this weekend as 25 co-drivers join forces with the V8 Supercars regulars in the battle for the PIRTEK Enduro Cup.\n\nThe annual Sandown 500 kicks off", "correct_token_is_a": false, "logp_a": [-2.7038137912750244, -5.289031982421875, -5.9803667068481445, -7.3668027, -7.2481003, -4.365187], "logp_the": [-2.0037119388580322, -3.9500274658203125, -4.336766242980957, -0.009878048, -0.123295754, -0.15791647]}