{"id": 955, "sentence_nb": 86, "input_str": " The latest build and video are now available! Grab the build here and watch the video here:\n\nHere\u2019s a list of everything that is new in this build:\n\nIf Yandere-chan giggles, and an NPC hears the giggle, but can\u2019t see Yandere-chan, the NPC will become curious and will walk over to investigate the source of the mysterious giggle.\n\nFixed bug that would cause students\u2019 bodies to tilt at extreme angles if Yandere-chan spoke to them while standing at", "correct_token_is_a": true, "logp_a": [-2.5024473667144775, -1.3601516485214233, -0.9653252363204956, -0.08461996, -1.1082062, -2.8823152], "logp_the": [-0.9483072757720947, -1.1820358037948608, -1.3448113203048706, -3.2802606, -1.0346168, -0.15621755]}