{"id": 980, "sentence_nb": 88, "input_str": " Brett Bundale, The Canadian Press\n\n\n\n\n\nHALIFAX -- The Nova Scotia government says it will call an inquiry into the deaths of a former soldier and his family, nearly 12 months after the horrific murder-suicides sent shock waves across the country.\n\nDr. Matthew Bowes, the province's chief medical examiner, recommended", "correct_token_is_a": false, "logp_a": [-2.933612585067749, -2.40847110748291, -2.7538928985595703, -10.92468, -3.2232773, -4.715764], "logp_the": [-0.9610583186149597, -1.652993083000183, -2.1000537872314453, -8.567883, -0.31119356, -0.46672532]}