{"id": 924, "sentence_nb": 84, "input_str": " U.S. Commerce Secretary Wilbur Ross sits for an interview in his office in Washington, U.S. May 9, 2017. REUTERS/Jonathan Ernst\n\nWASHINGTON (Reuters Breakingviews) - China\u2019s dealmakers edged out their U.S. counterparts in their first round of trade talks. U.S. beef producers and financial firms will get more access to Chinese markets in exchange for chicken imports and a potential opening for Chinese banks. It\u2019s", "correct_token_is_a": true, "logp_a": [-1.8962137699127197, -1.8226951360702515, -1.280720829963684, -0.0019787587, -0.076614216, -0.384375], "logp_the": [-2.598353624343872, -1.4926170110702515, -2.574734687805176, -9.786695, -3.7427137, -4.732104]}