{"id": 933, "sentence_nb": 85, "input_str": " The focus switches to endurance mode this weekend as 25 co-drivers join forces with the V8 Supercars regulars in the battle for", "correct_token_is_a": false, "logp_a": [-2.9821596145629883, -3.0112624168395996, -3.005013942718506, -5.665905, -3.230468, -2.642864], "logp_the": [-1.5008020401000977, -0.7335296869277954, -0.8573165535926819, -0.6559423, -0.118295096, -0.26241854]}