{"id": 908, "sentence_nb": 80, "input_str": "[BEGIN] Story highlights New York Times publisher dismissed executive editor Jill Abramson on Wednesday\n\nNews reports afterward questioned whether Abramson", "correct_token_is_a": true, "logp_a": [-0.4381589889526367, -0.23594294488430023, -0.6517550349235535], "logp_the": [-1.0362663269042969, -1.5598183870315552, -0.7363268733024597]}