{"id": 903, "sentence_nb": 82, "input_str": " A newly seated state senator defends his decision to sign up for a state pension after making a campaign promise to not accept this benefit.\n\nSen. Wayne Langerholc, R-Cambria County, issued a statement, saying he signed up for", "correct_token_is_a": false, "logp_a": [-0.5377354025840759, -1.364079475402832, -2.218012571334839, -0.017960688, -1.3346559, -0.17252487], "logp_the": [-1.7117714881896973, -0.7447023391723633, -0.5387884974479675, -4.0743637, -0.33953127, -2.0519269]}