{"id": 981, "sentence_nb": 88, "input_str": " Brett Bundale, The Canadian Press\n\n\n\n\n\nHALIFAX -- The Nova Scotia government says it will call an inquiry into the deaths of a former soldier and his family, nearly 12 months after the horrific murder-suicides sent shock waves across the country.\n\nDr. Matthew Bowes, the province's chief medical examiner, recommended the fatality inquiry on Thursday, calling", "correct_token_is_a": false, "logp_a": [-2.634847402572632, -4.820670127868652, -5.068613052368164, -18.13233, -10.789822, -7.823835], "logp_the": [-0.7602478861808777, -1.5123779773712158, -0.7855662703514099, -0.013142835, -0.55433196, -1.1448913]}