{"id": 988, "sentence_nb": 89, "input_str": " A bear that wandered into the University of Colorado dorm complex at Williams Village and was tranquilized by wildlife officials last week was killed by a car on U.S. 36 early Thursday. (Andy Duann / CUIndependent.com)\n\nThe bear famously tranquilized on", "correct_token_is_a": false, "logp_a": [-3.0734758377075195, -2.634383201599121, -2.4503891468048096, -12.277204, -5.689761, -4.7907543], "logp_the": [-1.93311607837677, -2.07352352142334, -2.3516876697540283, -5.058591, -3.5360825, -0.6233421]}