{"id": 951, "sentence_nb": 86, "input_str": " The latest build and video are now available! Grab the build here and watch the video here:\n\nHere\u2019s a list of everything that is new in this build:\n\nIf Yandere-chan giggles, and an NPC hears", "correct_token_is_a": false, "logp_a": [-2.3725030422210693, -3.7725892066955566, -2.636122226715088, -17.708488, -10.0457325, -12.722767], "logp_the": [-2.8514649868011475, -3.091291904449463, -2.8185410499572754, -11.97682, -7.08808, -3.3147774]}