{"id": 927, "sentence_nb": 82, "input_str": " Across the battlefields of", "correct_token_is_a": false, "logp_a": [-2.718299627304077, -3.3633720874786377, -3.398577928543091], "logp_the": [-0.06826481223106384, -0.03523171320557594, -0.033991966396570206]}