{"id": 902, "sentence_nb": 82, "input_str": " A newly seated state senator defends his decision to sign up for a state pension after making a campaign promise to not accept this benefit.\n\nSen. Wayne Langerholc, R-Cambria County, issued", "correct_token_is_a": true, "logp_a": [-0.28657740354537964, -0.5020758509635925, -0.2998060882091522, -5.79217e-06, -0.80787635, -0.41820112], "logp_the": [-3.6614325046539307, -1.7230002880096436, -2.351111888885498, -12.13077, -0.6028345, -1.2149732]}