{"id": 952, "sentence_nb": 84, "input_str": "[BEGIN] Two years ago, almost", "correct_token_is_a": false, "logp_a": [-1.2621418237686157, -2.8465442657470703, -1.3924483060836792], "logp_the": [-0.33274519443511963, -0.05979727581143379, -0.2856391370296478]}