{"id": 949, "sentence_nb": 86, "input_str": " The latest build and video are now available! Grab the build here and watch", "correct_token_is_a": false, "logp_a": [-3.197587490081787, -3.8974623680114746, -3.4805521965026855, -17.640585, -7.68347, -10.475814], "logp_the": [-0.9365695714950562, -1.0452133417129517, -0.5350033044815063, -1.8841804e-07, -0.031001424, -0.017501712]}