{"id": 915, "sentence_nb": 83, "input_str": " Racked is no longer publishing. Thank you to everyone who read our work over", "correct_token_is_a": false, "logp_a": [-3.778078317642212, -5.984372615814209, -5.328942775726318, -16.124846, -15.869779, -23.084906], "logp_the": [-0.5536901950836182, -0.07974383234977722, -0.04779212176799774, -0.09409814, -4.8233283e-05, -2.987608e-05]}