{"id": 954, "sentence_nb": 84, "input_str": "[BEGIN] Two years ago, almost to the day, we shared an Indiegogo project for a futuristic, Android-powered motorcycle helmet that was generating all sorts of buzz from major car-related publications", "correct_token_is_a": false, "logp_a": [-1.3260774612426758, -1.2603217363357544, -1.2164170742034912], "logp_the": [-0.30858808755874634, -0.33346474170684814, -0.35138869285583496]}