{"id": 990, "sentence_nb": 89, "input_str": " A bear that wandered into the University of Colorado dorm complex at Williams Village and was tranquilized by wildlife officials last week was killed by a car on U.S. 36 early Thursday. (Andy Duann / CUIndependent.com)\n\nThe bear famously tranquilized on the University of Colorado campus last week, and immortalized in a viral photo by CU student Andy Duann, met", "correct_token_is_a": true, "logp_a": [-2.392655372619629, -2.2736711502075195, -1.9366786479949951, -0.26360834, -0.4916769, -0.6072], "logp_the": [-2.1021060943603516, -2.382046699523926, -3.1781299114227295, -9.396067, -8.576682, -7.65775]}