{"id": 926, "sentence_nb": 82, "input_str": " Across", "correct_token_is_a": false, "logp_a": [-3.910914659500122, -3.3451600074768066, -3.9193999767303467], "logp_the": [-0.020225360989570618, -0.035891033709049225, -0.020052682608366013]}