{"id": 965, "sentence_nb": 87, "input_str": " Get our daily newsletter Upgrade your inbox and get our Daily Dispatch and Editor's Picks.\n\nTHE car civilisation of southern California is famous for its discontents. On a good day, one merely wastes too much time in the car. On an average day, the id asserts its rage against", "correct_token_is_a": false, "logp_a": [-2.5795350074768066, -2.7294816970825195, -3.3766298294067383, -17.218508, -3.3515782, -3.629134], "logp_the": [-1.4615464210510254, -1.1736727952957153, -1.5234726667404175, -7.3446927e-06, -0.20718521, -0.19735892]}