{"id": 929, "sentence_nb": 82, "input_str": " Across the battlefields of the first world war, nothing has ever tested riders more than 1919's Circuit de Champs de Bataille\n\nEven as the guns all along", "correct_token_is_a": false, "logp_a": [-3.9117319583892822, -4.497776031494141, -5.716766357421875], "logp_the": [-0.020208654925227165, -0.011196167208254337, -0.003295706817880273]}