{"id": 987, "sentence_nb": 89, "input_str": " A bear that wandered into the University of Colorado dorm complex at Williams Village and was tranquilized by wildlife officials last week was killed by", "correct_token_is_a": true, "logp_a": [-1.4948124885559082, -0.9327942728996277, -1.3670058250427246, -0.012901652, -0.375867, -0.77414167], "logp_the": [-3.009303569793701, -2.624833822250366, -2.9565062522888184, -12.380777, -2.9602265, -2.0166428]}