{"id": 975, "sentence_nb": 88, "input_str": " Brett Bundale, The Canadian Press\n\n\n\n\n\nHALIFAX -- The Nova Scotia government says it will call an inquiry into", "correct_token_is_a": false, "logp_a": [-2.3699092864990234, -2.2673957347869873, -2.831155776977539, -8.5258875, -3.457083, -4.283988], "logp_the": [-0.9376296997070312, -1.123783826828003, -1.4624539613723755, -0.0080039725, -0.33103862, -0.40243825]}