{"id": 954, "sentence_nb": 86, "input_str": " The latest build and video are now available! Grab the build here and watch the video here:\n\nHere\u2019s a list of everything that is new in this build:\n\nIf Yandere-chan giggles, and an NPC hears the giggle, but can\u2019t see Yandere-chan, the NPC will become curious and will walk over to investigate the source of", "correct_token_is_a": false, "logp_a": [-2.8999319076538086, -5.389333724975586, -5.7061967849731445, -28.285154, -15.939727, -19.34051], "logp_the": [-1.081338882446289, -0.4664900302886963, -0.1216362863779068, -3.076318e-07, -0.00040129185, -1.3823812e-06]}