{"id": 948, "sentence_nb": 86, "input_str": " The latest build and video are now available! Grab", "correct_token_is_a": false, "logp_a": [-2.259946346282959, -2.151120662689209, -2.670522928237915, -3.0567536, -4.8499475, -3.4533277], "logp_the": [-3.1715664863586426, -1.632153868675232, -2.032217264175415, -0.52903706, -1.4850473, -1.6481452]}