{"id": 916, "sentence_nb": 83, "input_str": " Racked is no longer publishing. Thank you to everyone who read our work over the years. The archives will remain available here; for new stories, head over to Vox.com, where our staff is covering consumer culture for The Goods by Vox. You can also see what we\u2019re up to by signing up here.\n\nWhite supremacy never truly left. But in 2016, thanks in large part to Brexit and", "correct_token_is_a": false, "logp_a": [-4.7113494873046875, -3.8370277881622314, -4.232781410217285, -8.103255, -4.300239, -6.118476], "logp_the": [-1.6602251529693604, -1.3639519214630127, -1.9085779190063477, -0.011273354, -1.4630336, -1.5680308]}