{"id": 953, "sentence_nb": 84, "input_str": " Two years ago, almost to the day, we shared an Indiegogo project for", "correct_token_is_a": true, "logp_a": [-2.344803810119629, -0.2803853154182434, -0.20262396335601807], "logp_the": [-0.10077766329050064, -1.4085094928741455, -1.6960054636001587]}