{"id": 931, "sentence_nb": 85, "input_str": " The focus switches to endurance mode this weekend as 25 co-drivers join forces with", "correct_token_is_a": false, "logp_a": [-2.836289644241333, -3.9691879749298096, -3.458704710006714, -7.7225547, -4.316102, -3.683368], "logp_the": [-1.7298691272735596, -2.711169481277466, -2.273768186569214, -2.6195638, -0.7729804, -1.6015499]}