{"id": 909, "sentence_nb": 80, "input_str": " Story highlights New York Times publisher dismissed executive editor Jill Abramson on Wednesday\n\nNews reports afterward questioned whether Abramson was a victim of sexism\n\nOn Saturday, Arthur Sulzberger Jr. gave more details in", "correct_token_is_a": true, "logp_a": [-2.5860226154327393, -0.11160750687122345, -0.09604556113481522], "logp_the": [-0.07830646634101868, -2.248051643371582, -2.390570640563965]}