{"id": 963, "sentence_nb": 87, "input_str": " Get our daily newsletter Upgrade your inbox and get our Daily Dispatch and Editor's Picks.\n\nTHE car civilisation of southern California is famous for its discontents. On a good day, one merely wastes too much time in", "correct_token_is_a": false, "logp_a": [-3.282744884490967, -2.046894073486328, -2.681422233581543, -4.194548, -5.5126944, -5.9385476], "logp_the": [-1.3142200708389282, -1.0564002990722656, -1.6945217847824097, -4.4233193, -1.7373667, -5.08381]}