{"id": 993, "sentence_nb": 87, "input_str": "[BEGIN] Over the course of the past decade, Google has transformed from a small company to a full-fledged technology giant. Although it has multiple assets, it\u2019s most valuable one is still the search engine.\n\nIt is easily the world\u2019s favorite search engine,", "correct_token_is_a": true, "logp_a": [-0.24225468933582306, -0.34881284832954407, -0.4320359528064728], "logp_the": [-1.5364489555358887, -1.2225615978240967, -1.047499179840088]}