{"id": 966, "sentence_nb": 85, "input_str": "[BEGIN] After reading through all of the wonderful feedback on Ace Day and", "correct_token_is_a": true, "logp_a": [-0.8233450055122375, -0.33734965324401855, -0.15973232686519623], "logp_the": [-0.5779646039009094, -1.250572919845581, -1.9130587577819824]}