{"id": 903, "sentence_nb": 79, "input_str": " New Rangers signing Anestis Argyriou and goalkeeper Neil Alexander show their disappointment\n\nAlly McCoist said he would go back into", "correct_token_is_a": false, "logp_a": [-2.098557710647583, -3.606969118118286, -3.687136173248291], "logp_the": [-0.1308300644159317, -0.027508936822414398, -0.025362495332956314]}