{"id": 944, "sentence_nb": 83, "input_str": " Insomniac Joseph Stoiber, 29, was walking in his neighborhood when he couldn't sleep at 2:30 a.m. May 30, talking to his friend on", "correct_token_is_a": false, "logp_a": [-1.2301936149597168, -1.5553137063980103, -1.26743745803833], "logp_the": [-0.345644474029541, -0.2371450513601303, -0.33066222071647644]}